Date;Type of sample;Replicate;Stage;Plot;Time;Tube number;Family_F;Genus_F;Species_F;Order_I;Family_I;Genus_I;Species_I;Gender;Function,,
23.06.22;Transect;1;2;A;9,4;1;Ericaceae;Rhododendron;ferrugineum;Hymenoptera;Formicidae;Formica;fusca;;,
23.06.22;Transect;1;2;A;9,4;2;Ericaceae;Rhododendron;ferrugineum;Hemiptera;Lygaeidae;Kleidocerys;resedae;;,
23.06.22;Transect;1;2;A;9,4;3;Fabaceae;Anthyllis;vulneraria;Hymenoptera;Formicidae;Formica;lemani;;,
23.06.22;Transect;1;2;A;9,4;4;Fabaceae;Anthyllis;vulneraria;Coleoptera;Chrysomelidae;Phratora;laticollis;;,
23.06.22;Transect;1;2;A;9,4;5;Fabaceae;Anthyllis;vulneraria;Diptera;Calyptratae;Calyptratae;;;,
23.06.22;Transect;1;2;A;9,4;6;Saxifragaceae;Saxifraga;paniculata;Diptera;Diptera;Diptera;;;,
23.06.22;Transect;1;2;A;9,4;7;Saxifragaceae;Saxifraga;paniculata;Diptera;Diptera;Diptera;;;,
23.06.22;Transect;1;2;A;9,4;8;Polygonaceae;Rumex;alpinus;Microlepidoptera;Scythrididae;Scythris;amphonycella;;,
23.06.22;Transect;1;2;A;9,4;9;Asteraceae;Hieracium;murorum;Hymenoptera;Colletidae;Hylaeus;sp.;Male;,
23.06.22;Transect;1;2;A;9,4;10;Asteraceae;Hieracium;murorum;Hymenoptera;Hymenoptera;Hymenoptera;;;,
23.06.22;Transect;1;2;B;10,2;1;Ericaceae;Rhododendron;ferrugineum;Hymenoptera;Apidae;Apidae;;;,
23.06.22;Transect;1;2;B;10,2;2;Ericaceae;Rhododendron;ferrugineum;Hymenoptera;Formicidae;Formica;lemani;;,
23.06.22;Transect;1;2;B;10,2;3;Asteraceae;Leontodon;helveticus;Coleoptera;Chrysomelidae;Phratora;laticollis;;,
23.06.22;Transect;1;2;B;10,2;4;Fabaceae;Trifolium;pallescens;Coleoptera;Chrysomelidae;Labidostomis;longimana;;,
23.06.22;Transect;1;2;B;10,2;5;Asteraceae;Achillea;erba-rotta;Diptera;Calyptratae;Calyptratae;;;,
23.06.22;Transect;1;2;B;10,2;6;Asteraceae;Achillea;erba-rotta;Hemiptera;Miridae;Lygus;pratensis;;,
23.06.22;Transect;1;2;B;10,2;7;Fabaceae;Anthyllis;vulneraria;Coleoptera;Melyridae;Dasytes;sp.;;,
23.06.22;Transect;1;2;B;10,2;8;Saxifragaceae;Saxifraga;paniculata;Diptera;Calyptratae;Calyptratae;;;,
23.06.22;Transect;1;2;B;10,2;9;Saxifragaceae;Saxifraga;paniculata;Hymenoptera;Formicidae;Formica;lemani;;,
23.06.22;Transect;1;2;B;10,2;10;Caryophyllaceae;Cerastium;latifolium;Coleoptera;Staphylinidae;Eusphalerum;sp.;;,
23.06.22;Transect;1;2;B;10,2;11;Caryophyllaceae;Cerastium;latifolium;Hymenoptera;Ichneumonidae;Ichneumonidae;;;,
23.06.22;Transect;1;2;B;10,2;12;Orchidaceae;Gymnadenia;conopsea;Hymenoptera;Formicidae;Formica;lemani;;,
23.06.22;Transect;1;2;B;10,2;12;Orchidaceae;Gymnadenia;conopsea;Hymenoptera;Formicidae;Formica;lemani;;,
23.06.22;Transect;1;1;A;11,15;1;Polygonaceae;Rumex;scutatus;Diptera;Diptera;Diptera;;;,
23.06.22;Transect;1;1;A;11,15;2;Polygonaceae;Rumex;scutatus;Coleoptera;Chrysomelidae;Phratora;laticollis;;,
23.06.22;Transect;1;1;A;11,15;3;Saxifragaceae;Saxifraga;paniculata;Diptera;Calyptratae;Calyptratae;;;,
23.06.22;Transect;1;1;A;11,15;3;Saxifragaceae;Saxifraga;paniculata;Diptera;Calyptratae;Calyptratae;;;,
23.06.22;Transect;1;1;A;11,15;4;Saxifragaceae;Saxifraga;paniculata;Diptera;Diptera;Diptera;;;,
23.06.22;Transect;1;1;A;11,15;4;Saxifragaceae;Saxifraga;paniculata;Diptera;Diptera;Diptera;;;,
23.06.22;Transect;1;1;A;11,15;5;Saxifragaceae;Saxifraga;paniculata;Diptera;Syrphidae;Sphaerophoria;sp.;Female;,
23.06.22;Transect;1;1;A;11,15;6;Saxifragaceae;Saxifraga;paniculata;Diptera;Diptera;Diptera;;;,
23.06.22;Transect;1;1;A;11,15;7;Saxifragaceae;Saxifraga;paniculata;Hymenoptera;Formicidae;Formica;fusca;;,
23.06.22;Transect;1;1;A;11,15;7;Saxifragaceae;Saxifraga;paniculata;Hymenoptera;Formicidae;Formica;fusca;;,
23.06.22;Transect;1;1;A;11,15;8;Saxifragaceae;Saxifraga;paniculata;Hymenoptera;Melittidae;Melitta;sp.;Male;,
23.06.22;Transect;1;1;A;11,15;9;Saxifragaceae;Saxifraga;paniculata;Symphypleona;Symphypleona;Symphypleona;;;,
23.06.22;Transect;1;1;A;11,15;10;Saxifragaceae;Saxifraga;bryoides;Diptera;Diptera;Diptera;;;,
23.06.22;Transect;1;1;A;11,15;11;Fabaceae;Trifolium;pallescens;Diptera;Diptera;Diptera;;;,
23.06.22;Transect;1;1;B;12;1;Asteraceae;Hieracium;staticifolium;Hymenoptera;Halictidae;Dufourea;sp.;Male;,,
23.06.22;Transect;1;1;B;12;2;Caryophyllaceae;Cerastium;latifolium;Hymenoptera;Hymenoptera;Hymenoptera;;;,,
23.06.22;Transect;1;1;B;12;3;Fabaceae;Lotus;corniculatus;Lepidoptera;Lycaenidae;Cupido;minimus;;,,
23.06.22;Transect;1;1;B;12;4;Asteraceae;Achillea;erba-rotta;Coleoptera;Chrysomelidae;Phratora;laticollis;;,,
23.06.22;Transect;1;1;B;12;5;Fabaceae;Trifolium;pallescens;Coleoptera;Curculionidae;Tychius;sp.;;herbivore,,
23.06.22;Transect;1;1;B;12;5;Fabaceae;Trifolium;pallescens;Coleoptera;Curculionidae;Tychius;sp.;;herbivore,,
23.06.22;Transect;1;1;B;12;5;Fabaceae;Trifolium;pallescens;Coleoptera;Curculionidae;Tychius;sp.;;herbivore,,
23.06.22;Transect;1;1;B;12;6;Saxifragaceae;Saxifraga;paniculata;Hymenoptera;Formicidae;Formica;lemani;;,,
23.06.22;Transect;1;1;B;12;7;Saxifragaceae;Saxifraga;paniculata;Hymenoptera;Hymenoptera;Hymenoptera;;;,,
23.06.22;Transect;1;3;B;13,45;1;Ericaceae;Rhododendron;ferrugineum;Diptera;Calyptratae;Calyptratae;;;,
23.06.22;Transect;1;3;B;13,45;1;Ericaceae;Rhododendron;ferrugineum;Diptera;Calyptratae;Calyptratae;;;,
23.06.22;Transect;1;3;B;13,45;1;Ericaceae;Rhododendron;ferrugineum;Diptera;Calyptratae;Calyptratae;;;,
23.06.22;Transect;1;3;B;13,45;1;Ericaceae;Rhododendron;ferrugineum;Diptera;Calyptratae;Calyptratae;;;,
23.06.22;Transect;1;3;B;13,45;1;Ericaceae;Rhododendron;ferrugineum;Diptera;Calyptratae;Calyptratae;;;,
23.06.22;Transect;1;3;B;13,45;1;Ericaceae;Rhododendron;ferrugineum;Diptera;Calyptratae;Calyptratae;;;,
23.06.22;Transect;1;3;B;13,45;1;Ericaceae;Rhododendron;ferrugineum;Diptera;Calyptratae;Calyptratae;;;,
23.06.22;Transect;1;3;B;13,45;1;Ericaceae;Rhododendron;ferrugineum;Diptera;Calyptratae;Calyptratae;;;,
23.06.22;Transect;1;3;B;13,45;2;Ericaceae;Rhododendron;ferrugineum;Diptera;Diptera;Diptera;;;,
23.06.22;Transect;1;3;B;13,45;3;Ericaceae;Rhododendron;ferrugineum;Diptera;Diptera;Diptera;;;,
23.06.22;Transect;1;3;B;13,45;4;Ericaceae;Rhododendron;ferrugineum;Hymenoptera;Apidae;Apidae;;;,
23.06.22;Transect;1;3;B;13,45;5;Ericaceae;Rhododendron;ferrugineum;Araneae;Philodromidae;Philodromus;cespitum;;,
23.06.22;Transect;1;3;B;13,45;6;Rosaceae;Potentilla;aurea;Diptera;Diptera;Diptera;;;,
23.06.22;Transect;1;3;B;13,45;7;Rosaceae;Dryas;octopetala;Diptera;Diptera;Diptera;;;,
23.06.22;Transect;1;3;A;14,3;1;Ranunculaceae;Ranunculus;villarsii;Diptera;Calyptratae;Calyptratae;;;,
23.06.22;Transect;1;3;A;14,3;2;Ranunculaceae;Ranunculus;villarsii;Diptera;Calyptratae;Calyptratae;;;,
23.06.22;Transect;1;3;A;14,3;2;Ranunculaceae;Ranunculus;villarsii;Diptera;Calyptratae;Calyptratae;;;,
23.06.22;Transect;1;3;A;14,3;2;Ranunculaceae;Ranunculus;villarsii;Diptera;Calyptratae;Calyptratae;;;,
23.06.22;Transect;1;3;A;14,3;2;Ranunculaceae;Ranunculus;villarsii;Diptera;Calyptratae;Calyptratae;;;,
23.06.22;Transect;1;3;A;14,3;2;Ranunculaceae;Ranunculus;villarsii;Diptera;Calyptratae;Calyptratae;;;,
23.06.22;Transect;1;3;A;14,3;2;Ranunculaceae;Ranunculus;villarsii;Diptera;Calyptratae;Calyptratae;;;,
23.06.22;Transect;1;3;A;14,3;2;Ranunculaceae;Ranunculus;villarsii;Diptera;Calyptratae;Calyptratae;;;,
23.06.22;Transect;1;3;A;14,3;2;Ranunculaceae;Ranunculus;villarsii;Diptera;Calyptratae;Calyptratae;;;,
23.06.22;Transect;1;3;A;14,3;2;Ranunculaceae;Ranunculus;villarsii;Diptera;Calyptratae;Calyptratae;;;,
23.06.22;Transect;1;3;A;14,3;2;Ranunculaceae;Ranunculus;villarsii;Diptera;Calyptratae;Calyptratae;;;,
23.06.22;Transect;1;3;A;14,3;3;Ranunculaceae;Ranunculus;villarsii;Diptera;Diptera;Diptera;;;,
23.06.22;Transect;1;3;A;14,3;4;Ranunculaceae;Ranunculus;villarsii;Coleoptera;Staphylinidae;Eusphalerum;sp.;;,
23.06.22;Transect;1;3;A;14,3;4;Ranunculaceae;Ranunculus;villarsii;Coleoptera;Staphylinidae;Eusphalerum;sp.;;,
23.06.22;Transect;1;3;A;14,3;4;Ranunculaceae;Ranunculus;villarsii;Coleoptera;Staphylinidae;Eusphalerum;sp.;;,
23.06.22;Transect;1;3;A;14,3;5;Rosaceae;Potentilla;aurea;Diptera;Calyptratae;Calyptratae;;;,
23.06.22;Transect;1;3;A;14,3;5;Rosaceae;Potentilla;aurea;Diptera;Calyptratae;Calyptratae;;;,
23.06.22;Transect;1;3;A;14,3;5;Rosaceae;Potentilla;aurea;Diptera;Calyptratae;Calyptratae;;;,
23.06.22;Transect;1;3;A;14,3;5;Rosaceae;Potentilla;aurea;Diptera;Calyptratae;Calyptratae;;;,
23.06.22;Transect;1;3;A;14,3;6;Rosaceae;Potentilla;aurea;Coleoptera;Staphylinidae;Eusphalerum;sp.;;,
23.06.22;Transect;1;3;A;14,3;6;Rosaceae;Potentilla;aurea;Coleoptera;Staphylinidae;Eusphalerum;sp.;;,
23.06.22;Transect;1;3;A;14,3;6;Rosaceae;Potentilla;aurea;Coleoptera;Staphylinidae;Eusphalerum;sp.;;,
23.06.22;Transect;1;3;A;14,3;6;Rosaceae;Potentilla;aurea;Coleoptera;Staphylinidae;Eusphalerum;sp.;;,
23.06.22;Transect;1;3;A;14,3;6;Rosaceae;Potentilla;aurea;Coleoptera;Staphylinidae;Eusphalerum;sp.;;,
23.06.22;Transect;1;3;A;14,3;7;Boraginaceae;Myosotis;alpestris;Diptera;Diptera;Diptera;;;,
23.06.22;Transect;1;3;A;14,3;8;Brassicaceae;Biscutella;laevigata;Diptera;Calyptratae;Calyptratae;;;,
23.06.22;Transect;1;3;A;14,3;8;Brassicaceae;Biscutella;laevigata;Diptera;Calyptratae;Calyptratae;;;,
23.06.22;Transect;1;3;A;14,3;9;Brassicaceae;Biscutella;laevigata;Diptera;Syrphidae;Tenthredo;arcuata;Female;,
23.06.22;Transect;1;3;A;14,3;10;Brassicaceae;Biscutella;laevigata;Coleoptera;Cerambycidae;Anastrangalia;reyi;;herbivore, pollinator
23.06.22;Transect;1;3;A;14,3;11;Ericaceae;Rhododendron;ferrugineum;Diptera;Calyptratae;Calyptratae;;;,
23.06.22;Transect;1;3;A;14,3;11;Ericaceae;Rhododendron;ferrugineum;Diptera;Calyptratae;Calyptratae;;;,
23.06.22;Transect;1;3;A;14,3;11;Ericaceae;Rhododendron;ferrugineum;Diptera;Calyptratae;Calyptratae;;;,
23.06.22;Transect;1;3;A;14,3;12;Ericaceae;Rhododendron;ferrugineum;Diptera;Diptera;Diptera;;;,
23.06.22;Transect;1;3;A;14,3;13;Ericaceae;Rhododendron;ferrugineum;Hymenoptera;Tenthredinidae;Rhogogaster;punctulata;;,
23.06.22;Transect;1;3;A;14,3;14;Asteraceae;Leontodon;helveticus;Diptera;Calyptratae;Calyptratae;;;,
23.06.22;Transect;1;3;A;14,3;14;Asteraceae;Leontodon;helveticus;Diptera;Calyptratae;Calyptratae;;;,
23.06.22;Transect;1;3;A;14,3;14;Asteraceae;Leontodon;helveticus;Diptera;Calyptratae;Calyptratae;;;,
23.06.22;Transect;1;3;A;14,3;14;Asteraceae;Leontodon;helveticus;Diptera;Calyptratae;Calyptratae;;;,
23.06.22;Transect;1;3;A;14,3;15;Asteraceae;Leontodon;helveticus;Diptera;Diptera;Diptera;;;,
23.06.22;Transect;1;3;A;14,3;16;Asteraceae;Leontodon;helveticus;Coleoptera;Staphylinidae;Eusphalerum;sp.;;,
23.06.22;Transect;1;3;A;14,3;16;Asteraceae;Leontodon;helveticus;Coleoptera;Staphylinidae;Eusphalerum;sp.;;,
23.06.22;Transect;1;3;A;14,3;17;Plantaginaceae;Veronica;chamaedrys;Coleoptera;Staphylinidae;Eusphalerum;sp.;;,
23.06.22;Transect;1;3;A;14,3;17;Plantaginaceae;Veronica;chamaedrys;Coleoptera;Staphylinidae;Eusphalerum;sp.;;,
23.06.22;Transect;1;3;A;14,3;17;Plantaginaceae;Veronica;chamaedrys;Coleoptera;Staphylinidae;Eusphalerum;sp.;;,
23.06.22;Transect;1;3;A;14,3;17;Plantaginaceae;Veronica;chamaedrys;Coleoptera;Staphylinidae;Eusphalerum;sp.;;,
24.06.22;Transect;1;4;A;9,3;1;Ericaceae;Rhododendron;ferrugineum;Diptera;Calyptratae;Calyptratae;;;,
24.06.22;Transect;1;4;A;9,3;2;Ericaceae;Rhododendron;ferrugineum;Diptera;Diptera;Diptera;;;,
24.06.22;Transect;1;4;A;9,3;3;Ericaceae;Rhododendron;ferrugineum;Coleoptera;Cerambycidae;Anastrangalia;reyi;;herbivore, pollinator
24.06.22;Transect;1;4;A;9,3;4;Ericaceae;Rhododendron;ferrugineum;Hymenoptera;Formicidae;Formica;fusca;;,
24.06.22;Transect;1;4;B;10,15;1;Ericaceae;Rhododendron;ferrugineum;Diptera;Calyptratae;Calyptratae;;;,
24.06.22;Transect;1;4;B;10,15;1;Ericaceae;Rhododendron;ferrugineum;Diptera;Calyptratae;Calyptratae;;;,
24.06.22;Transect;1;4;B;10,15;1;Ericaceae;Rhododendron;ferrugineum;Diptera;Calyptratae;Calyptratae;;;,
24.06.22;Transect;1;4;B;10,15;2;Ericaceae;Rhododendron;ferrugineum;Hymenoptera;Formicidae;Formica;lemani;;,
24.06.22;Transect;1;4;B;10,15;3;Ericaceae;Rhododendron;ferrugineum;Lepidoptera;Noctuidae;Noctuidae;;;,
24.06.22;Transect;1;4;B;10,15;4;Ericaceae;Rhododendron;ferrugineum;Lepidoptera;Lepidoptera;Lepidoptera;;;,
24.06.22;Transect;1;4;B;10,15;5;Ericaceae;Rhododendron;ferrugineum;Microlepidoptera;Micropterigidae;Micropterix;aureatella;;,
24.06.22;Transect;1;4;B;10,15;6;Ericaceae;Rhododendron;ferrugineum;Coleoptera;Cantharidae;Cantharis;rufa;;,
24.06.22;Transect;1;4;B;10,15;6;Ericaceae;Rhododendron;ferrugineum;Coleoptera;Cantharidae;Cantharis;rufa;;,
24.06.22;Transect;1;4;B;10,15;7;Ericaceae;Rhododendron;ferrugineum;Coleoptera;Staphylinidae;Eusphalerum;sp.;;,
24.06.22;Transect;1;4;B;10,15;7;Ericaceae;Rhododendron;ferrugineum;Coleoptera;Staphylinidae;Eusphalerum;sp.;;,
24.06.22;Transect;1;4;B;10,15;7;Ericaceae;Rhododendron;ferrugineum;Coleoptera;Staphylinidae;Eusphalerum;sp.;;,
24.06.22;Transect;1;4;B;10,15;7;Ericaceae;Rhododendron;ferrugineum;Coleoptera;Staphylinidae;Eusphalerum;sp.;;,
24.06.22;Transect;1;4;B;10,15;7;Ericaceae;Rhododendron;ferrugineum;Coleoptera;Staphylinidae;Eusphalerum;sp.;;,
24.06.22;Transect;1;4;B;10,15;7;Ericaceae;Rhododendron;ferrugineum;Coleoptera;Staphylinidae;Eusphalerum;sp.;;,
24.06.22;Transect;1;4;B;10,15;7;Ericaceae;Rhododendron;ferrugineum;Coleoptera;Staphylinidae;Eusphalerum;sp.;;,
24.06.22;Transect;1;4;B;10,15;8;Asteraceae;Hieracium;murorum;Diptera;Calyptratae;Calyptratae;;;,
24.06.22;Transect;1;4;B;10,15;9;Saxifragaceae;Saxifraga;paniculata;Thysanoptera;Thripidae;Thripidae;;;,
24.06.22;Transect;1;4;B;10,15;9;Saxifragaceae;Saxifraga;paniculata;Thysanoptera;Thripidae;Thripidae;;;,
27.06.22;Transect;1;1;D;10,15;1;Asteraceae;Leontodon;helveticus;Diptera;Syrphidae;Syrphus;torvus;Female;,
27.06.22;Transect;1;1;D;10,15;1;Asteraceae;Leontodon;helveticus;Diptera;Syrphidae;Syrphus;torvus;Female;,
27.06.22;Transect;1;1;D;10,15;2;Saxifragaceae;Saxifraga;paniculata;Diptera;Calyptratae;Calyptratae;;;,
27.06.22;Transect;1;1;D;10,15;3;Saxifragaceae;Saxifraga;paniculata;Diptera;Syrphidae;Eupeodes;tirolensis;Male;,
27.06.22;Transect;1;1;D;10,15;4;Saxifragaceae;Saxifraga;paniculata;Hymenoptera;Vespidae;Vespidae;;;,
27.06.22;Transect;1;1;D;10,15;5;Lamiaceae;Thymus;alpestris;Diptera;Syrphidae;Chrysotoxum;arcuatum;Male;,
27.06.22;Transect;1;1;D;10,15;6;Fabaceae;Anthyllis;vulneraria;Lepidoptera;Lycaenidae;Cupido;minimus;;,
27.06.22;Transect;1;1;D;10,15;7;Fabaceae;Anthyllis;vulneraria;Diptera;Diptera;Diptera;;;,
27.06.22;Transect;1;1;D;10,15;8;Fabaceae;Anthyllis;vulneraria;Hemiptera;Hemiptera;Hemiptera;;;,
27.06.22;Transect;1;1;D;10,15;9;Fabaceae;Trifolium;pallescens;Lepidoptera;Lycaenidae;Cupido;minimus;;,
27.06.22;Transect;1;1;C;11;1;Fabaceae;Anthyllis;vulneraria;Lepidoptera;Lycaenidae;Cupido;minimus;;,,
27.06.22;Transect;1;1;C;11;2;Fabaceae;Anthyllis;vulneraria;Coleoptera;Chrysomelidae;Cryptocephalus;exiguus;;,,
27.06.22;Transect;1;1;C;11;3;Saxifragaceae;Saxifraga;paniculata;Diptera;Syrphidae;Scaeva;pyrastri;Male;,,
27.06.22;Transect;1;1;C;11;3;Saxifragaceae;Saxifraga;paniculata;Diptera;Syrphidae;Scaeva;pyrastri;Female;,,
27.06.22;Transect;1;1;C;11;4;Saxifragaceae;Saxifraga;paniculata;Hymenoptera;Hymenoptera;Hymenoptera;;;,,
27.06.22;Transect;1;1;C;11;5,1;Saxifragaceae;Saxifraga;paniculata;Coleoptera;Cantharidae;Malthodes;marginatus;;,
27.06.22;Transect;1;1;C;11;5,2;Saxifragaceae;Saxifraga;paniculata;Hemiptera;Aphididae;Aphididae;;;,
27.06.22;Transect;1;1;C;11;5,3;Saxifragaceae;Saxifraga;paniculata;Hymenoptera;Mymaridae;Gonatocerus;sp.;;,
27.06.22;Transect;1;1;C;11;5,4;Saxifragaceae;Saxifraga;paniculata;Hemiptera;Aphididae;Aphididae;;;,
27.06.22;Transect;1;1;C;11;6;Campanulaceae;Campanula;barbata;Hymenoptera;Halictidae;Dufourea;sp.;Female;pollinator,,
27.06.22;Transect;1;1;C;11;7;Campanulaceae;Campanula;barbata;Coleoptera;Curculionidae;Cleopomiarus;sp.;;herbivore,,
27.06.22;Transect;1;1;C;11;8;Asteraceae;Leontodon;helveticus;Hymenoptera;Halictidae;Dufourea;sp.;Male;,,
27.06.22;Transect;1;1;C;11;9;Asteraceae;Leontodon;helveticus;Coleoptera;Chrysomelidae;Cryptocephalus;sericeus;;,,
27.06.22;Transect;1;1;C;11;10;Asteraceae;Achillea;erba-rotta;Diptera;Diptera;Diptera;;;,,
27.06.22;Transect;1;1;C;11;10;Asteraceae;Achillea;erba-rotta;Diptera;Diptera;Diptera;;;,,
27.06.22;Transect;1;1;C;11;11;Asteraceae;Achillea;erba-rotta;Microlepidoptera;Tortricidae;Ancylis;badiana;;,,
27.06.22;Transect;1;1;C;11;12;Caryophyllaceae;Minuartia;verna;Diptera;Syrphidae;Sphaerophoria;interrupta;Female;,,
27.06.22;Transect;1;3;D;12;1;Fabaceae;Lotus;corniculatus;Diptera;Syrphidae;Chrysotoxum;arcuatum;Female;,,
27.06.22;Transect;1;3;D;12;2;Campanulaceae;Campanula;barbata;Hymenoptera;Apidae;Bombus;lapidarius cfr.;Female;pollinator,,
27.06.22;Transect;1;3;D;12;NA;Plantaginaceae;Veronica;fruticans;Hymenoptera;Apidae;Bombus;sp.;;,,
27.06.22;Transect;1;3;D;12;3;Plantaginaceae;Veronica;fruticans;Lepidoptera;Crambidae;Pyrausta;aerealis;;,,
27.06.22;Transect;1;3;D;12;4;Plantaginaceae;Veronica;fruticans;Microlepidoptera;Adelidae;Cauchas;fibulella;;,,
27.06.22;Transect;1;3;D;12;4;Plantaginaceae;Veronica;fruticans;Microlepidoptera;Adelidae;Cauchas;fibulella;;,,
27.06.22;Transect;1;3;D;12;5;Plantaginaceae;Veronica;fruticans;Diptera;Calyptratae;Calyptratae;;;,,
27.06.22;Transect;1;3;D;12;6;Boraginaceae;Myosotis;alpestris;Diptera;Calyptratae;Calyptratae;;;,,
27.06.22;Transect;1;3;D;12;7;Asteraceae;Leontodon;helveticus;Diptera;Calyptratae;Calyptratae;;;,,
27.06.22;Transect;1;3;D;12;8;Asteraceae;Pilosella;officinarum;Diptera;Syrphidae;Syrphus;torvus;Female;,,
27.06.22;Transect;1;3;D;12;9;Asteraceae;Pilosella;officinarum;Diptera;Calyptratae;Calyptratae;;;,,
27.06.22;Transect;1;3;D;12;9;Asteraceae;Pilosella;officinarum;Diptera;Calyptratae;Calyptratae;;;,,
27.06.22;Transect;1;3;D;12;9;Asteraceae;Pilosella;officinarum;Diptera;Calyptratae;Calyptratae;;;,,
27.06.22;Transect;1;3;D;12;9;Asteraceae;Pilosella;officinarum;Diptera;Calyptratae;Calyptratae;;;,,
27.06.22;Transect;1;3;D;12;9;Asteraceae;Pilosella;officinarum;Diptera;Calyptratae;Calyptratae;;;,,
27.06.22;Transect;1;3;D;12;10;Gentianaceae;Gentiana;nivalis;Diptera;Calyptratae;Calyptratae;;;,,
27.06.22;Transect;1;3;D;12;11;Crassulaceae;Sempervivum;montanum;Hymenoptera;Apidae;Apidae;;;,,
27.06.22;Transect;1;3;D;12;12;Crassulaceae;Sempervivum;montanum;Hemiptera;Miridae;Lygus;sp.;;,,
27.06.22;Transect;1;3;C;12,4;NA;Ericaceae;Rhododendron;ferrugineum;Hymenoptera;Apidae;Apidae;;;,
27.06.22;Transect;1;3;C;12,4;1;Ericaceae;Rhododendron;ferrugineum;Hymenoptera;Apidae;Apidae;;;,
27.06.22;Transect;1;3;C;12,4;2;Ericaceae;Rhododendron;ferrugineum;Hymenoptera;Formicidae;Formica;lemani;;,
27.06.22;Transect;1;3;C;12,4;3;Ericaceae;Rhododendron;ferrugineum;Diptera;Calyptratae;Calyptratae;;;,
27.06.22;Transect;1;3;C;12,4;3;Ericaceae;Rhododendron;ferrugineum;Diptera;Calyptratae;Calyptratae;;;,
27.06.22;Transect;1;3;C;12,4;4;Plantaginaceae;Veronica;fruticans;Diptera;Bombyliidae;Bombylius;major;;,
27.06.22;Transect;1;3;C;12,4;5;Asteraceae;Leontodon;helveticus;Hymenoptera;Halictidae;Dufourea;sp.;Female;,
27.06.22;Transect;1;3;C;12,4;5;Asteraceae;Leontodon;helveticus;Hymenoptera;Halictidae;Dufourea;sp.;Male;,
27.06.22;Transect;1;3;C;12,4;6;Asteraceae;Pilosella;officinarum;Hymenoptera;Halictidae;Lasioglossum;sp.;Female;,
27.06.22;Transect;1;3;C;12,4;7;Asteraceae;Pilosella;officinarum;Diptera;Diptera;Diptera;;;,
27.06.22;Transect;1;3;C;12,4;7;Asteraceae;Pilosella;officinarum;Diptera;Diptera;Diptera;;;,
27.06.22;Transect;1;3;C;12,4;8;Asteraceae;Pilosella;officinarum;Thysanoptera;Phlaeothripidae;Phlaeothripidae;;;,
27.06.22;Transect;1;3;C;12,4;8;Asteraceae;Pilosella;officinarum;Thysanoptera;Phlaeothripidae;Phlaeothripidae;;;,
27.06.22;Transect;1;3;C;12,4;9;Fabaceae;Trifolium;pallescens;Microlepidoptera;Tortricidae;Ancylis;badiana;;,
27.06.22;Transect;1;3;C;12,4;10;Fabaceae;Trifolium;pallescens;Hemiptera;Miridae;Lygus;sp.;;,
27.06.22;Transect;1;3;C;12,4;11;Fabaceae;Anthyllis;vulneraria;Hemiptera;Pentatomidae;Carpocoris;sp.;;,
27.06.22;Transect;1;3;C;12,4;11;Fabaceae;Anthyllis;vulneraria;Hemiptera;Pentatomidae;Carpocoris;sp.;;,
27.06.22;Transect;1;3;C;12,4;11;Fabaceae;Anthyllis;vulneraria;Hemiptera;Pentatomidae;Carpocoris;sp.;;,
27.06.22;Transect;1;3;C;12,4;12;Asteraceae;Achillea;erba-rotta;Diptera;Syrphidae;Platycheirus;melanopsis;Female;,
27.06.22;Transect;1;3;C;12,4;13;Orchidaceae;Nigritella;rhellicani;Microlepidoptera;Scythrididae;Scythris;speyeri;;,
27.06.22;Transect;1;4;D;13,5;1;Ericaceae;Rhododendron;ferrugineum;Diptera;Calyptratae;Calyptratae;;;,
27.06.22;Transect;1;4;D;13,5;2;Ericaceae;Rhododendron;ferrugineum;Diptera;Calyptratae;Calyptratae;;;,
27.06.22;Transect;1;4;D;13,5;2;Ericaceae;Rhododendron;ferrugineum;Diptera;Calyptratae;Calyptratae;;;,
27.06.22;Transect;1;4;D;13,5;2;Ericaceae;Rhododendron;ferrugineum;Diptera;Calyptratae;Calyptratae;;;,
27.06.22;Transect;1;4;D;13,5;2;Ericaceae;Rhododendron;ferrugineum;Diptera;Calyptratae;Calyptratae;;;,
27.06.22;Transect;1;4;D;13,5;3;Asteraceae;Leontodon;helveticus;Diptera;Calyptratae;Calyptratae;;;,
27.06.22;Transect;1;4;D;13,5;3;Asteraceae;Leontodon;helveticus;Diptera;Calyptratae;Calyptratae;;;,
27.06.22;Transect;1;4;D;13,5;4;Asteraceae;Leontodon;helveticus;Diptera;Calyptratae;Calyptratae;;;,
27.06.22;Transect;1;4;D;13,5;4;Asteraceae;Leontodon;helveticus;Diptera;Calyptratae;Calyptratae;;;,
27.06.22;Transect;1;4;D;13,5;4;Asteraceae;Leontodon;helveticus;Diptera;Calyptratae;Calyptratae;;;,
27.06.22;Transect;1;4;D;13,5;5;Asteraceae;Leontodon;helveticus;Diptera;Diptera;Diptera;;;,
27.06.22;Transect;1;4;D;13,5;6;Asteraceae;Leontodon;helveticus;Hymenoptera;Hymenoptera;Hymenoptera;;;,
27.06.22;Transect;1;4;D;13,5;6;Asteraceae;Leontodon;helveticus;Hymenoptera;Hymenoptera;Hymenoptera;;;,
27.06.22;Transect;1;4;D;13,5;6;Asteraceae;Leontodon;helveticus;Hymenoptera;Hymenoptera;Hymenoptera;;;,
27.06.22;Transect;1;4;D;13,5;7;Ranunculaceae;Ranunculus;villarsii;Diptera;Diptera;Diptera;;;,
27.06.22;Transect;1;4;C;13,5;1;Asteraceae;Leontodon;helveticus;Hymenoptera;Hymenoptera;Hymenoptera;;;,
27.06.22;Transect;1;4;C;13,5;2;Asteraceae;Leontodon;helveticus;Diptera;Diptera;Diptera;;;,
27.06.22;Transect;1;4;C;13,5;3,1;Asteraceae;Leontodon;helveticus;Coleoptera;Nitidulidae;Brassicogethes;aeneus;;
27.06.22;Transect;1;4;C;13,5;3,2;Asteraceae;Leontodon;helveticus;Coleoptera;Buprestidae;Anthaxia;quadripunctata;;
27.06.22;Transect;1;4;C;13,5;4;Crassulaceae;Sempervivum;montanum;Diptera;Calyptratae;Calyptratae;;;,
27.06.22;Transect;1;4;C;13,5;5;Ericaceae;Rhododendron;ferrugineum;Hymenoptera;Tenthredinidae;Tenthredinidae;;;,
27.06.22;Transect;1;4;C;13,5;6;Apiaceae;Peucedanum;ostruthium;Diptera;Calyptratae;Calyptratae;;;,
27.06.22;Transect;1;4;C;13,5;7;Apiaceae;Peucedanum;ostruthium;Diptera;Calyptratae;Calyptratae;;;,
27.06.22;Transect;1;4;C;13,5;8;Apiaceae;Peucedanum;ostruthium;Diptera;Calyptratae;Calyptratae;;;,
27.06.22;Transect;1;4;C;13,5;8;Apiaceae;Peucedanum;ostruthium;Diptera;Calyptratae;Calyptratae;;;,
27.06.22;Transect;1;4;C;13,5;8;Apiaceae;Peucedanum;ostruthium;Diptera;Calyptratae;Calyptratae;;;,
27.06.22;Transect;1;4;C;13,5;8;Apiaceae;Peucedanum;ostruthium;Diptera;Calyptratae;Calyptratae;;;,
27.06.22;Transect;1;4;C;13,5;8;Apiaceae;Peucedanum;ostruthium;Diptera;Calyptratae;Calyptratae;;;,
27.06.22;Transect;1;4;C;13,5;8;Apiaceae;Peucedanum;ostruthium;Diptera;Calyptratae;Calyptratae;;;,
27.06.22;Transect;1;4;C;13,5;8;Apiaceae;Peucedanum;ostruthium;Diptera;Calyptratae;Calyptratae;;;,
27.06.22;Transect;1;4;C;13,5;9;Apiaceae;Peucedanum;ostruthium;Diptera;Syrphidae;Syrphus;vitripennis;Male;,
27.06.22;Transect;1;4;C;13,5;9;Apiaceae;Peucedanum;ostruthium;Diptera;Syrphidae;Syrphus;vitripennis;Female;,
27.06.22;Transect;1;4;C;13,5;9;Apiaceae;Peucedanum;ostruthium;Diptera;Syrphidae;Syrphus;torvus;Male;,
27.06.22;Transect;1;4;C;13,5;10;Apiaceae;Peucedanum;ostruthium;Hymenoptera;Formicidae;Formica;lemani;;,
27.06.22;Transect;1;4;C;13,5;NA;Rosaceae;Rubus;sp.;Hymenoptera;Apidae;Apidae;;;,
27.06.22;Transect;1;4;C;13,5;NA;Rosaceae;Rubus;sp.;Lepidoptera;Lepidoptera;Lepidoptera;;;,
27.06.22;Transect;1;2;D;15,25;1;Fabaceae;Anthyllis;vulneraria;Diptera;Syrphidae;Melangyna;umbellatarum;Male;,
27.06.22;Transect;1;2;D;15,25;2;Fabaceae;Anthyllis;vulneraria;Coleoptera;Chrysomelidae;Cryptocephalus;exiguus;;,
27.06.22;Transect;1;2;D;15,25;3;Fabaceae;Anthyllis;vulneraria;Orthoptera;Acrididae;Acrididae;;;,
27.06.22;Transect;1;2;D;15,25;4;Campanulaceae;Campanula;barbata;Diptera;Calyptratae;Calyptratae;;;,
27.06.22;Transect;1;2;D;15,25;5;Campanulaceae;Campanula;barbata;Thysanoptera;Phlaeothripidae;Phlaeothripidae;;;,
27.06.22;Transect;1;2;D;15,25;5;Campanulaceae;Campanula;barbata;Thysanoptera;Phlaeothripidae;Phlaeothripidae;;;,
27.06.22;Transect;1;2;D;15,25;NA;Asteraceae;Leontodon;helveticus;Diptera;Diptera;Diptera;;;,
27.06.22;Transect;1;2;D;15,25;6;Asteraceae;Leontodon;helveticus;Diptera;Diptera;Diptera;;;,
27.06.22;Transect;1;2;D;15,25;7;Asteraceae;Leontodon;helveticus;Coleoptera;Melyridae;Dasytes;sp.;;,
27.06.22;Transect;1;2;D;15,25;8;Asteraceae;Leontodon;helveticus;Hymenoptera;Formicidae;Formica;lemani;;,
27.06.22;Transect;1;2;D;15,25;9;Plantaginaceae;Veronica;fruticans;Microlepidoptera;Adelidae;Cauchas;fibulella;;,
27.06.22;Transect;1;2;D;15,25;10;Asteraceae;Pilosella;officinarum;Hymenoptera;Halictidae;Dufourea;sp.;Male;,
27.06.22;Transect;1;2;D;15,25;11;Asteraceae;Pilosella;officinarum;Coleoptera;Chrysomelidae;Cryptocephalus;sericeus;;,
27.06.22;Transect;1;2;D;15,25;12;Asteraceae;Pilosella;officinarum;Diptera;Diptera;Diptera;;;,
27.06.22;Transect;1;2;D;15,25;12;Asteraceae;Pilosella;officinarum;Diptera;Diptera;Diptera;;;,
27.06.22;Transect;1;2;D;15,25;NA;Asteraceae;Leucanthemum;adustum;Diptera;Diptera;Diptera;;;,
27.06.22;Transect;1;2;C;16;1;Asteraceae;Leucanthemum;adustum;Diptera;Diptera;Diptera;;;,,
27.06.22;Transect;1;2;C;16;2;Asteraceae;Leucanthemum;adustum;Hymenoptera;Vespidae;Vespidae;;;,,
27.06.22;Transect;1;2;C;16;3;Asteraceae;Leucanthemum;adustum;Hymenoptera;Formicidae;Formica;lemani;;,,
27.06.22;Transect;1;2;C;16;4;Crassulaceae;Sempervivum;montanum;Diptera;Calyptratae;Calyptratae;;;,,
27.06.22;Transect;1;2;C;16;5;Asteraceae;Achillea;erba-rotta;Lepidoptera;Lycaenidae;Cupido;minimus;;,,
27.06.22;Transect;1;2;C;16;5;Asteraceae;Achillea;erba-rotta;Lepidoptera;Lycaenidae;Cupido;minimus;;,,
27.06.22;Transect;1;2;C;16;6;Asteraceae;Achillea;erba-rotta;Diptera;Diptera;Diptera;;;,,
27.06.22;Transect;1;2;C;16;6;Asteraceae;Achillea;erba-rotta;Diptera;Diptera;Diptera;;;,,
27.06.22;Transect;1;2;C;16;6;Asteraceae;Achillea;erba-rotta;Diptera;Diptera;Diptera;;;,,
27.06.22;Transect;1;2;C;16;7;Saxifragaceae;Saxifraga;paniculata;Diptera;Calyptratae;Calyptratae;;;,,
27.06.22;Transect;1;2;C;16;7;Saxifragaceae;Saxifraga;paniculata;Diptera;Calyptratae;Calyptratae;;;,,
27.06.22;Transect;1;2;C;16;8;Saxifragaceae;Saxifraga;paniculata;Diptera;Diptera;Diptera;;;,,
27.06.22;Transect;1;2;C;16;8;Saxifragaceae;Saxifraga;paniculata;Diptera;Diptera;Diptera;;;,,
27.06.22;Transect;1;2;C;16;8;Saxifragaceae;Saxifraga;paniculata;Diptera;Diptera;Diptera;;;,,
27.06.22;Transect;1;2;C;16;8;Saxifragaceae;Saxifraga;paniculata;Diptera;Diptera;Diptera;;;,,
27.06.22;Transect;1;2;C;16;9;Saxifragaceae;Saxifraga;paniculata;Hymenoptera;Formicidae;Formica;lemani;;,,
27.06.22;Transect;1;2;C;16;9;Saxifragaceae;Saxifraga;paniculata;Hymenoptera;Formicidae;Formica;lemani;;,,
27.06.22;Transect;1;2;C;16;9;Saxifragaceae;Saxifraga;paniculata;Hymenoptera;Formicidae;Formica;lemani;;,,
27.06.22;Transect;1;2;C;16;9;Saxifragaceae;Saxifraga;paniculata;Hymenoptera;Formicidae;Formica;lemani;;,,
27.06.22;Transect;1;2;C;16;9;Saxifragaceae;Saxifraga;paniculata;Hymenoptera;Formicidae;Formica;lemani;;,,
27.06.22;Transect;1;2;C;16;9;Saxifragaceae;Saxifraga;paniculata;Hymenoptera;Formicidae;Formica;lemani;;,,
27.06.22;Transect;1;2;C;16;10,1;Asteraceae;Antennaria;dioica;Hymenoptera;Formicidae;Formica;lemani;;,
27.06.22;Transect;1;2;C;16;10,1;Asteraceae;Antennaria;dioica;Hymenoptera;Formicidae;Formica;lemani;;,
27.06.22;Transect;1;2;C;16;10,2;Asteraceae;Antennaria;dioica;Hymenoptera;Formicidae;Formica;lemani;;,
27.06.22;Transect;1;2;C;16;10,2;Asteraceae;Antennaria;dioica;Hymenoptera;Formicidae;Formica;lemani;;,
27.06.22;Transect;1;2;C;16;10,2;Asteraceae;Antennaria;dioica;Hymenoptera;Formicidae;Formica;lemani;;,
27.06.22;Transect;1;2;C;16;10,2;Asteraceae;Antennaria;dioica;Hymenoptera;Formicidae;Formica;lemani;;,
27.06.22;Transect;1;2;C;16;11;Orchidaceae;Gymnadenia;conopsea;Hymenoptera;Formicidae;Formica;lemani;;,,
27.06.22;Transect;1;2;C;16;12,1;Saxifragaceae;Saxifraga;aizoides;Hymenoptera;Formicidae;Formica;lemani;;,
27.06.22;Transect;1;2;C;16;12,2;Saxifragaceae;Saxifraga;aizoides;Hymenoptera;Formicidae;Formica;lemani;;,
27.06.22;Transect;1;2;C;16;12,2;Saxifragaceae;Saxifraga;aizoides;Hymenoptera;Formicidae;Formica;lemani;;,
27.06.22;Transect;1;2;C;16;12,2;Saxifragaceae;Saxifraga;aizoides;Hymenoptera;Formicidae;Formica;lemani;;,
27.06.22;Transect;1;2;C;16;13;Asteraceae;Erigeron;uniflorus;Diptera;Calyptratae;Calyptratae;;;,,
06.07.22;Transect;2;3;B;10,5;1;Ericaceae;Rhododendron;ferrugineum;Hymenoptera;Tenthredinidae;Rhogogaster;punctulata;;,
06.07.22;Transect;2;3;B;10,5;2;Ericaceae;Rhododendron;ferrugineum;Diptera;Muscidae;Thricops;nigritellus;;,
06.07.22;Transect;2;3;B;10,5;2;Ericaceae;Rhododendron;ferrugineum;Diptera;Muscidae;Thricops;nigritellus;;,
06.07.22;Transect;2;3;B;10,5;2;Ericaceae;Rhododendron;ferrugineum;Diptera;Muscidae;Thricops;nigritellus;;,
06.07.22;Transect;2;3;B;10,5;3;Campanulaceae;Phyteuma;betonicifolium;Diptera;Sarcophagidae;Sarcophaga;vicina;;,
06.07.22;Transect;2;3;B;10,5;4;Campanulaceae;Campanula;scheuchzeri;Coleoptera;Staphylinidae;Eusphalerum;sp.;;,
06.07.22;Transect;2;3;B;10,5;5;Campanulaceae;Campanula;barbata;Coleoptera;Staphylinidae;Eusphalerum;sp.;;,
06.07.22;Transect;2;3;B;10,5;6;Campanulaceae;Campanula;barbata;Diptera;Muscidae;Thricops;nigritellus;;,
06.07.22;Transect;2;3;A;11,3;1;Ranunculaceae;Ranunculus;villarsii;Diptera;Muscidae;Drymeia;fasciculata;;,
06.07.22;Transect;2;3;A;11,3;1;Ranunculaceae;Ranunculus;villarsii;Diptera;Muscidae;Thricops;nigritellus;;,
06.07.22;Transect;2;3;A;11,3;1;Ranunculaceae;Ranunculus;villarsii;Diptera;Muscidae;Thricops;nigritellus;;,
06.07.22;Transect;2;3;A;11,3;2;Ranunculaceae;Ranunculus;villarsii;Hymenoptera;Crabronidae;Crabronidae;;;,
06.07.22;Transect;2;3;A;11,3;3,1;Ranunculaceae;Ranunculus;villarsii;Coleoptera;Staphylinidae;Eusphalerum;sp.;;
06.07.22;Transect;2;3;A;11,3;3,1;Ranunculaceae;Ranunculus;villarsii;Coleoptera;Staphylinidae;Eusphalerum;sp.;;
06.07.22;Transect;2;3;A;11,3;3,1;Ranunculaceae;Ranunculus;villarsii;Coleoptera;Staphylinidae;Eusphalerum;sp.;;
06.07.22;Transect;2;3;A;11,3;3,1;Ranunculaceae;Ranunculus;villarsii;Coleoptera;Staphylinidae;Eusphalerum;sp.;;
06.07.22;Transect;2;3;A;11,3;3,2;Ranunculaceae;Ranunculus;villarsii;Coleoptera;Staphylinidae;Eusphalerum;sp.;;
06.07.22;Transect;2;3;A;11,3;3,2;Ranunculaceae;Ranunculus;villarsii;Coleoptera;Staphylinidae;Eusphalerum;sp.;;
06.07.22;Transect;2;3;A;11,3;3,2;Ranunculaceae;Ranunculus;villarsii;Coleoptera;Staphylinidae;Eusphalerum;sp.;;
06.07.22;Transect;2;3;A;11,3;3,2;Ranunculaceae;Ranunculus;villarsii;Coleoptera;Staphylinidae;Eusphalerum;sp.;;
06.07.22;Transect;2;3;A;11,3;3,2;Ranunculaceae;Ranunculus;villarsii;Coleoptera;Staphylinidae;Eusphalerum;sp.;;
06.07.22;Transect;2;3;A;11,3;3,2;Ranunculaceae;Ranunculus;villarsii;Coleoptera;Staphylinidae;Eusphalerum;sp.;;
06.07.22;Transect;2;3;A;11,3;3,2;Ranunculaceae;Ranunculus;villarsii;Coleoptera;Staphylinidae;Eusphalerum;sp.;;
06.07.22;Transect;2;3;A;11,3;3,2;Ranunculaceae;Ranunculus;villarsii;Coleoptera;Staphylinidae;Eusphalerum;sp.;;
06.07.22;Transect;2;3;A;11,3;3,2;Ranunculaceae;Ranunculus;villarsii;Coleoptera;Staphylinidae;Eusphalerum;sp.;;
06.07.22;Transect;2;3;A;11,3;4;Ranunculaceae;Ranunculus;villarsii;Coleoptera;Cantharidae;Malthodes;marginatus;;,
06.07.22;Transect;2;3;A;11,3;5;Asteraceae;Achillea;erba-rotta;Diptera;Muscidae;Thricops;nigritellus;;,
06.07.22;Transect;2;3;A;11,3;6;Asteraceae;Achillea;erba-rotta;Lepidoptera;Geometridae;Geometridae;;;,
06.07.22;Transect;2;3;A;11,3;7;Fabaceae;Trifolium;pratense;Hymenoptera;Tenthredinidae;Rhogogaster;punctulata;;,
06.07.22;Transect;2;3;A;11,3;8;Fabaceae;Trifolium;pratense;Diptera;Muscidae;Drymeia;alpicola;;,
06.07.22;Transect;2;3;A;11,3;9;Asteraceae;Leontodon;hispidus;Diptera;Muscidae;Thricops;nigritellus;;,
06.07.22;Transect;2;3;A;11,3;9;Asteraceae;Leontodon;hispidus;Diptera;Muscidae;Thricops;nigritellus;;,
06.07.22;Transect;2;3;A;11,3;9;Asteraceae;Leontodon;hispidus;Diptera;Muscidae;Thricops;aculeipes;;,
06.07.22;Transect;2;3;A;11,3;9;Asteraceae;Leontodon;hispidus;Diptera;Muscidae;Drymeia;alpicola;;,
06.07.22;Transect;2;3;A;11,3;9;Asteraceae;Leontodon;hispidus;Diptera;Muscidae;Drymeia;hamata;;,
06.07.22;Transect;2;3;A;11,3;9;Asteraceae;Leontodon;hispidus;Diptera;Muscidae;Drymeia;hamata;;,
06.07.22;Transect;2;3;A;11,3;9;Asteraceae;Leontodon;hispidus;Diptera;Muscidae;Drymeia;hamata;;,
06.07.22;Transect;2;3;A;11,3;9;Asteraceae;Leontodon;hispidus;Diptera;Muscidae;Drymeia;hamata;;,
06.07.22;Transect;2;3;A;11,3;10;Asteraceae;Leontodon;hispidus;Hymenoptera;Crabronidae;Crabronidae;;;,
06.07.22;Transect;2;3;A;11,3;11;Asteraceae;Leontodon;hispidus;Diptera;Empididae;Empididae;;;,
06.07.22;Transect;2;3;A;11,3;12;Campanulaceae;Phyteuma;betonicifolium;Hymenoptera;Apidae;Bombus;pratorum;Female;pollinator,
06.07.22;Transect;2;3;A;11,3;13;Campanulaceae;Phyteuma;betonicifolium;Hymenoptera;Apidae;Bombus;terrestris;Male;pollinator,
06.07.22;Transect;2;3;A;11,3;14;Campanulaceae;Phyteuma;betonicifolium;Diptera;Syrphidae;Chrysotoxum;fasciatum;Female;,
06.07.22;Transect;2;3;A;11,3;15;Campanulaceae;Phyteuma;betonicifolium;Diptera;Muscidae;Thricops;nigritellus;;,
06.07.22;Transect;2;3;A;11,3;15;Campanulaceae;Phyteuma;betonicifolium;Diptera;Muscidae;Thricops;nigritellus;;,
06.07.22;Transect;2;3;A;11,3;15;Campanulaceae;Phyteuma;betonicifolium;Diptera;Muscidae;Thricops;nigritellus;;,
06.07.22;Transect;2;3;A;11,3;15;Campanulaceae;Phyteuma;betonicifolium;Diptera;Muscidae;Thricops;nigritellus;;,
06.07.22;Transect;2;3;A;11,3;15;Campanulaceae;Phyteuma;betonicifolium;Diptera;Muscidae;Thricops;nigritellus;;,
06.07.22;Transect;2;3;A;11,3;15;Campanulaceae;Phyteuma;betonicifolium;Diptera;Muscidae;Thricops;nigritellus;;,
06.07.22;Transect;2;3;A;11,3;15;Campanulaceae;Phyteuma;betonicifolium;Diptera;Muscidae;Thricops;nigritellus;;,
06.07.22;Transect;2;3;A;11,3;15;Campanulaceae;Phyteuma;betonicifolium;Diptera;Muscidae;Thricops;nigritellus;;,
06.07.22;Transect;2;3;A;11,3;15;Campanulaceae;Phyteuma;betonicifolium;Diptera;Muscidae;Thricops;nigritellus;;,
06.07.22;Transect;2;3;A;11,3;15;Campanulaceae;Phyteuma;betonicifolium;Diptera;Muscidae;Thricops;nigritellus;;,
06.07.22;Transect;2;3;A;11,3;15;Campanulaceae;Phyteuma;betonicifolium;Diptera;Muscidae;Thricops;nigritellus;;,
06.07.22;Transect;2;3;A;11,3;15;Campanulaceae;Phyteuma;betonicifolium;Diptera;Muscidae;Thricops;nigritellus;;,
06.07.22;Transect;2;3;A;11,3;16;Campanulaceae;Phyteuma;betonicifolium;Coleoptera;Staphylinidae;Eusphalerum;sp.;;,
06.07.22;Transect;2;3;A;11,3;17;Campanulaceae;Phyteuma;betonicifolium;Coleoptera;Cantharidae;Rhagonycha;nigripes;;,
06.07.22;Transect;2;3;A;11,3;18;Caryophyllaceae;Silene;vulgaris;Diptera;Muscidae;Thricops;nigritellus;;,
06.07.22;Transect;2;3;A;11,3;18;Caryophyllaceae;Silene;vulgaris;Diptera;Muscidae;Thricops;nigritellus;;,
06.07.22;Transect;2;3;A;11,3;19;Caryophyllaceae;Silene;vulgaris;Hymenoptera;Formicidae;Formica;lemani;;,
06.07.22;Transect;2;3;A;11,3;20;Caryophyllaceae;Silene;vulgaris;Coleoptera;Staphylinidae;Eusphalerum;sp.;;,
06.07.22;Transect;2;3;A;11,3;20;Caryophyllaceae;Silene;vulgaris;Coleoptera;Staphylinidae;Eusphalerum;sp.;;,
06.07.22;Transect;2;3;A;11,3;21;Caryophyllaceae;Silene;vulgaris;Diptera;Chloropidae;Chloropidae;;;,
06.07.22;Transect;2;3;A;11,3;22;Asteraceae;Leontodon;helveticus;Diptera;Muscidae;Thricops;nigritellus;;,
06.07.22;Transect;2;3;A;11,3;23;Asteraceae;Leontodon;helveticus;Hymenoptera;Formicidae;Formica;lemani;;,
06.07.22;Transect;2;3;A;11,3;23;Asteraceae;Leontodon;helveticus;Hymenoptera;Formicidae;Formica;lemani;;,
06.07.22;Transect;2;3;A;11,3;24;Fabaceae;Lotus;corniculatus;Diptera;Empididae;Empididae;;;,
06.07.22;Transect;2;3;A;11,3;25;Poaceae;Poa;alpina;Hymenoptera;Hymenoptera;Hymenoptera;;;,
06.07.22;Transect;2;3;A;11,3;26;Apiaceae;Peucedanum;ostruthium;Diptera;Syrphidae;Episyrphus;balteatus;Female;,
06.07.22;Transect;2;3;A;11,3;26;Apiaceae;Peucedanum;ostruthium;Diptera;Syrphidae;Syrphus;ribesii;Female;,
06.07.22;Transect;2;3;A;11,3;26;Apiaceae;Peucedanum;ostruthium;Diptera;Syrphidae;Syrphus;ribesii;Female;,
06.07.22;Transect;2;3;A;11,3;26;Apiaceae;Peucedanum;ostruthium;Diptera;Syrphidae;Syrphus;vitripennis;Male;,
06.07.22;Transect;2;3;A;11,3;26;Apiaceae;Peucedanum;ostruthium;Diptera;Syrphidae;Syrphus;vitripennis;Female;,
06.07.22;Transect;2;3;A;11,3;26;Apiaceae;Peucedanum;ostruthium;Diptera;Syrphidae;Syrphus;vitripennis;Female;,
06.07.22;Transect;2;3;A;11,3;27;Apiaceae;Peucedanum;ostruthium;Diptera;Muscidae;Thricops;nigritellus;;,
06.07.22;Transect;2;3;A;11,3;27;Apiaceae;Peucedanum;ostruthium;Diptera;Muscidae;Thricops;nigritellus;;,
06.07.22;Transect;2;3;A;11,3;27;Apiaceae;Peucedanum;ostruthium;Diptera;Muscidae;Thricops;beckeri;;,
06.07.22;Transect;2;3;A;11,3;27;Apiaceae;Peucedanum;ostruthium;Diptera;Phoridae;Phora;sp.;;,
06.07.22;Transect;2;3;A;11,3;28;Apiaceae;Peucedanum;ostruthium;Coleoptera;Tenebrionidae;Cteniopus;sulphureus;;,
06.07.22;Transect;2;3;A;11,3;29;Apiaceae;Peucedanum;ostruthium;Microlepidoptera;Tineidae;Agnathosia;mendicella;;,
06.07.22;Transect;2;4;C;12,2;NA;Asteraceae;Hieracium;bifidum;Lepidoptera;Lepidoptera;Lepidoptera;;;,
06.07.22;Transect;2;4;C;12,2;NA;Asteraceae;Hieracium;bifidum;Hymenoptera;Apidae;Apidae;;;,
06.07.22;Transect;2;4;C;12,2;1;Asteraceae;Hieracium;bifidum;Hymenoptera;Formicidae;Formica;lemani;;,
06.07.22;Transect;2;4;C;12,2;2;Asteraceae;Hieracium;bifidum;Hymenoptera;Hymenoptera;Hymenoptera;;;,
06.07.22;Transect;2;4;C;12,2;2;Asteraceae;Hieracium;bifidum;Hymenoptera;Hymenoptera;Hymenoptera;;;,
06.07.22;Transect;2;4;C;12,2;3;Asteraceae;Hieracium;bifidum;Diptera;Syrphidae;Syrphus;torvus;Male;,
06.07.22;Transect;2;4;C;12,2;3;Asteraceae;Hieracium;bifidum;Diptera;Syrphidae;Platycheirus;scutatus;Female;,
06.07.22;Transect;2;4;C;12,2;4;Asteraceae;Hieracium;bifidum;Diptera;Muscidae;Drymeia;hamata;;,
06.07.22;Transect;2;4;C;12,2;4;Asteraceae;Hieracium;bifidum;Diptera;Anthomyiidae;Anthomyiidae;;;,
06.07.22;Transect;2;4;C;12,2;4;Asteraceae;Hieracium;bifidum;Diptera;Muscidae;Drymeia;tetra;;,
06.07.22;Transect;2;4;C;12,2;4;Asteraceae;Hieracium;bifidum;Diptera;Muscidae;Drymeia;hamata;;,
06.07.22;Transect;2;4;C;12,2;4;Asteraceae;Hieracium;bifidum;Diptera;Anthomyiidae;Anthomyiidae;;;,
06.07.22;Transect;2;4;C;12,2;4;Asteraceae;Hieracium;bifidum;Diptera;Anthomyiidae;Anthomyiidae;;;,
06.07.22;Transect;2;4;C;12,2;5,1;Asteraceae;Hieracium;bifidum;Coleoptera;Chrysomelidae;Cryptocephalus;sericeus;;
06.07.22;Transect;2;4;C;12,2;5,2;Asteraceae;Hieracium;bifidum;Coleoptera;Buprestidae;Anthaxia;quadripunctata;;
06.07.22;Transect;2;4;C;12,2;6;Asteraceae;Hieracium;bifidum;Coleoptera;Staphylinidae;Eusphalerum;sp.;;,
06.07.22;Transect;2;4;C;12,2;6;Asteraceae;Hieracium;bifidum;Coleoptera;Staphylinidae;Eusphalerum;sp.;;,
06.07.22;Transect;2;4;C;12,2;6;Asteraceae;Hieracium;bifidum;Coleoptera;Staphylinidae;Eusphalerum;sp.;;,
06.07.22;Transect;2;4;C;12,2;6;Asteraceae;Hieracium;bifidum;Coleoptera;Staphylinidae;Eusphalerum;sp.;;,
06.07.22;Transect;2;4;C;12,2;6;Asteraceae;Hieracium;bifidum;Coleoptera;Staphylinidae;Eusphalerum;sp.;;,
06.07.22;Transect;2;4;C;12,2;6;Asteraceae;Hieracium;bifidum;Coleoptera;Staphylinidae;Eusphalerum;sp.;;,
06.07.22;Transect;2;4;C;12,2;7;Crassulaceae;Sempervivum;montanum;Diptera;Muscidae;Thricops;cunctans;;,
06.07.22;Transect;2;4;C;12,2;8;Apiaceae;Peucedanum;ostruthium;Diptera;Syrphidae;Syrphus;torvus;Female;,
06.07.22;Transect;2;4;C;12,2;8;Apiaceae;Peucedanum;ostruthium;Diptera;Syrphidae;Syrphus;torvus;Female;,
06.07.22;Transect;2;4;C;12,2;8;Apiaceae;Peucedanum;ostruthium;Diptera;Syrphidae;Syrphus;vitripennis;Female;,
06.07.22;Transect;2;4;C;12,2;8;Apiaceae;Peucedanum;ostruthium;Diptera;Syrphidae;Syrphus;torvus;Male;,
06.07.22;Transect;2;4;C;12,2;8;Apiaceae;Peucedanum;ostruthium;Diptera;Syrphidae;Syrphus;vitripennis;Female;,
06.07.22;Transect;2;4;C;12,2;9;Apiaceae;Peucedanum;ostruthium;Diptera;Muscidae;Thricops;nigrifrons;;,
06.07.22;Transect;2;4;C;12,2;9;Apiaceae;Peucedanum;ostruthium;Diptera;Muscidae;Thricops;nigrifrons;;,
06.07.22;Transect;2;4;C;12,2;9;Apiaceae;Peucedanum;ostruthium;Diptera;Muscidae;Thricops;nigrifrons;;,
06.07.22;Transect;2;4;C;12,2;9;Apiaceae;Peucedanum;ostruthium;Diptera;Muscidae;Thricops;nigrifrons;;,
06.07.22;Transect;2;4;C;12,2;9;Apiaceae;Peucedanum;ostruthium;Diptera;Syrphidae;Cheilosia;sp.;;,
06.07.22;Transect;2;4;C;12,2;9;Apiaceae;Peucedanum;ostruthium;Diptera;Muscidae;Thricops;nigrifrons;;,
06.07.22;Transect;2;4;C;12,2;10;Apiaceae;Peucedanum;ostruthium;Diptera;Dolichopodidae;Dolichopodidae;;;,
06.07.22;Transect;2;4;C;12,2;10;Apiaceae;Peucedanum;ostruthium;Diptera;Dolichopodidae;Dolichopodidae;;;,
06.07.22;Transect;2;4;C;12,2;10;Apiaceae;Peucedanum;ostruthium;Diptera;Anthomyiidae;Paregle;sp.;;,
06.07.22;Transect;2;4;C;12,2;10;Apiaceae;Peucedanum;ostruthium;Diptera;Muscidae;Thricops;nigritellus;;,
06.07.22;Transect;2;4;C;12,2;10;Apiaceae;Peucedanum;ostruthium;Diptera;Muscidae;Thricops;nigritellus;;,
06.07.22;Transect;2;4;C;12,2;10;Apiaceae;Peucedanum;ostruthium;Diptera;Muscidae;Thricops;nigritellus;;,
06.07.22;Transect;2;4;C;12,2;10;Apiaceae;Peucedanum;ostruthium;Diptera;Muscidae;Thricops;nigritellus;;,
06.07.22;Transect;2;4;C;12,2;10;Apiaceae;Peucedanum;ostruthium;Diptera;Muscidae;Thricops;nigritellus;;,
06.07.22;Transect;2;4;C;12,2;10;Apiaceae;Peucedanum;ostruthium;Diptera;Muscidae;Thricops;nigritellus;;,
06.07.22;Transect;2;4;C;12,2;10;Apiaceae;Peucedanum;ostruthium;Diptera;Muscidae;Thricops;nigritellus;;,
06.07.22;Transect;2;4;C;12,2;10;Apiaceae;Peucedanum;ostruthium;Diptera;Calyptratae;Calyptratae;;;,
06.07.22;Transect;2;4;C;12,2;11;Apiaceae;Peucedanum;ostruthium;Hymenoptera;Formicidae;Formica;lemani;;,
06.07.22;Transect;2;4;C;12,2;12;Apiaceae;Peucedanum;ostruthium;Diptera;Phoridae;Megaselia;sp.;;,
06.07.22;Transect;2;4;C;12,2;12;Apiaceae;Peucedanum;ostruthium;Diptera;Phoridae;Megaselia;sp.;;,
06.07.22;Transect;2;4;C;12,2;13;Apiaceae;Peucedanum;ostruthium;Microlepidoptera;Tineidae;Agnathosia;mendicella;;,
06.07.22;Transect;2;1;B;13,5;1;Asteraceae;Hieracium;staticifolium;Hymenoptera;Apidae;Bombus;sichelii;Female;pollinator,
06.07.22;Transect;2;1;B;13,5;2;Asteraceae;Hieracium;staticifolium;Hymenoptera;Apidae;Bombus;pyraeneus;Female;pollinator,
06.07.22;Transect;2;1;B;13,5;3;Asteraceae;Hieracium;staticifolium;Hymenoptera;Apidae;Bombus;pyraeneus;Female;pollinator,
06.07.22;Transect;2;1;B;13,5;4;Asteraceae;Hieracium;staticifolium;Hymenoptera;Apidae;Bombus;sichelii;Female;pollinator,
06.07.22;Transect;2;1;B;13,5;5;Asteraceae;Hieracium;staticifolium;Diptera;Syrphidae;Episyrphus;balteatus;Male;,
06.07.22;Transect;2;1;B;13,5;5;Asteraceae;Hieracium;staticifolium;Diptera;Syrphidae;Episyrphus;balteatus;Female;,
06.07.22;Transect;2;1;B;13,5;5;Asteraceae;Hieracium;staticifolium;Diptera;Syrphidae;Platycheirus;manicatus;Female;,
06.07.22;Transect;2;1;B;13,5;5;Asteraceae;Hieracium;staticifolium;Diptera;Syrphidae;Sphaerophoria;estebani;Male;,
06.07.22;Transect;2;1;B;13,5;6;Asteraceae;Hieracium;staticifolium;Diptera;Dolichopodidae;Dolichopodidae;;;,
06.07.22;Transect;2;1;B;13,5;6;Asteraceae;Hieracium;staticifolium;Diptera;Chloropidae;Chloropidae;;;,
06.07.22;Transect;2;1;B;13,5;6;Asteraceae;Hieracium;staticifolium;Diptera;Muscidae;Coenosia;sp.;;,
06.07.22;Transect;2;1;B;13,5;7;Asteraceae;Hieracium;staticifolium;Hymenoptera;Formicidae;Formica;lemani;;,
06.07.22;Transect;2;1;B;13,5;7;Asteraceae;Hieracium;staticifolium;Hymenoptera;Formicidae;Formica;lemani;;,
06.07.22;Transect;2;1;B;13,5;7;Asteraceae;Hieracium;staticifolium;Hymenoptera;Formicidae;Formica;lemani;;,
06.07.22;Transect;2;1;B;13,5;8;Asteraceae;Hieracium;staticifolium;Coleoptera;Chrysomelidae;Phratora;laticollis;;,
06.07.22;Transect;2;1;B;13,5;9;Asteraceae;Hieracium;staticifolium;Diptera;Syrphidae;Eristalis;tenax;Male;,
06.07.22;Transect;2;1;B;13,5;10;Asteraceae;Hieracium;staticifolium;Diptera;Syrphidae;Eristalis;tenax;Male;,
06.07.22;Transect;2;1;B;13,5;11;Asteraceae;Hieracium;staticifolium;Diptera;Syrphidae;Xylota;sp.;;,
06.07.22;Transect;2;1;B;13,5;12;Onagraceae;Epilobium;fleischeri;Diptera;Calliphoridae;Calliphora;vicina;;,
06.07.22;Transect;2;1;B;13,5;12;Onagraceae;Epilobium;fleischeri;Diptera;Calliphoridae;Calliphora;vicina;;,
06.07.22;Transect;2;1;B;13,5;13;Onagraceae;Epilobium;fleischeri;Diptera;Syrphidae;Scaeva;selenitica;Female;,
06.07.22;Transect;2;1;B;13,5;14;Onagraceae;Epilobium;fleischeri;Hymenoptera;Apidae;Apidae;;;,
06.07.22;Transect;2;1;B;13,5;15;Onagraceae;Epilobium;fleischeri;Hymenoptera;Apidae;Apidae;;;,
06.07.22;Transect;2;1;B;13,5;15;Onagraceae;Epilobium;fleischeri;Hymenoptera;Apidae;Apidae;;;,
06.07.22;Transect;2;1;B;13,5;16;Asteraceae;Erigeron;uniflorus;Hymenoptera;Formicidae;Formicidae;;;,
06.07.22;Transect;2;1;A;14,25;1;Asteraceae;Hieracium;staticifolium;Diptera;Syrphidae;Episyrphus;balteatus;Male;,
06.07.22;Transect;2;1;A;14,25;1;Asteraceae;Hieracium;staticifolium;Diptera;Syrphidae;Sphaerophoria;scripta;Female;,
06.07.22;Transect;2;1;A;14,25;1;Asteraceae;Hieracium;staticifolium;Diptera;Syrphidae;Episyrphus;balteatus;Female;,
06.07.22;Transect;2;1;A;14,25;1;Asteraceae;Hieracium;staticifolium;Diptera;Syrphidae;Scaeva;pyrastri;Female;,
06.07.22;Transect;2;1;A;14,25;1;Asteraceae;Hieracium;staticifolium;Diptera;Syrphidae;Platycheirus;manicatus;Male;,
06.07.22;Transect;2;1;A;14,25;2;Asteraceae;Hieracium;staticifolium;Diptera;Syrphidae;Eristalis;tenax;Male;,
06.07.22;Transect;2;1;A;14,25;3;Asteraceae;Hieracium;staticifolium;Diptera;Syrphidae;Cheilosia;sp.;;,
06.07.22;Transect;2;1;A;14,25;3;Asteraceae;Hieracium;staticifolium;Diptera;Muscidae;Drymeia;tetra;;,
06.07.22;Transect;2;1;A;14,25;3;Asteraceae;Hieracium;staticifolium;Diptera;Dolichopodidae;Dolichopodidae;;;,
06.07.22;Transect;2;1;A;14,25;3;Asteraceae;Hieracium;staticifolium;Diptera;Anthomyiidae;Anthomyiidae;;;,
06.07.22;Transect;2;1;A;14,25;4;Asteraceae;Hieracium;staticifolium;Hymenoptera;Colletidae;Hylaeus;sp.;Female;,
06.07.22;Transect;2;1;A;14,25;5;Asteraceae;Hieracium;staticifolium;Coleoptera;Coccinellidae;Harmonia;axyridis;;,
06.07.22;Transect;2;1;A;14,25;6;Asteraceae;Hieracium;staticifolium;Hymenoptera;Apidae;Bombus;pyraeneus;Female;pollinator,
06.07.22;Transect;2;1;A;14,25;7;Asteraceae;Hieracium;staticifolium;Hymenoptera;Apidae;Apidae;;;,
06.07.22;Transect;2;1;A;14,25;8;Asteraceae;Hieracium;staticifolium;Diptera;Empididae;Empididae;;;,
06.07.22;Transect;2;1;A;14,25;8;Asteraceae;Hieracium;staticifolium;Diptera;Bibionidae;Dilophus;sp.;;,
06.07.22;Transect;2;1;A;14,25;8;Asteraceae;Hieracium;staticifolium;Diptera;Chloropidae;Chloropidae;;;,
06.07.22;Transect;2;1;A;14,25;9;Asteraceae;Hieracium;staticifolium;Hemiptera;Rhopalidae;Liorhyssus;hyalinus;;,
06.07.22;Transect;2;1;A;14,25;10;Onagraceae;Epilobium;fleischeri;Diptera;Syrphidae;Scaeva;selenitica;Male;,
06.07.22;Transect;2;1;A;14,25;10;Onagraceae;Epilobium;fleischeri;Diptera;Syrphidae;Syrphus;torvus;Male;,
06.07.22;Transect;2;1;A;14,25;11;Onagraceae;Epilobium;fleischeri;Lepidoptera;Lycaenidae;Polyommatus;icarus;;,
06.07.22;Transect;2;1;A;14,25;12;Onagraceae;Epilobium;fleischeri;Diptera;Dolichopodidae;Dolichopodidae;;;,
06.07.22;Transect;2;1;A;14,25;12;Onagraceae;Epilobium;fleischeri;Diptera;Sepsidae;Sepsidae;;;,
06.07.22;Transect;2;1;A;14,25;12;Onagraceae;Epilobium;fleischeri;Diptera;Muscidae;Drymeia;vicana;;,
06.07.22;Transect;2;1;A;14,25;13;Onagraceae;Epilobium;fleischeri;Hymenoptera;Apidae;Apidae;;;,
06.07.22;Transect;2;1;A;14,25;13;Onagraceae;Epilobium;fleischeri;Hymenoptera;Apidae;Apidae;;;,
06.07.22;Transect;2;1;A;14,25;14;Onagraceae;Epilobium;fleischeri;Hymenoptera;Apidae;Apidae;;;,
06.07.22;Transect;2;1;A;14,25;14;Onagraceae;Epilobium;fleischeri;Hymenoptera;Apidae;Apidae;;;,
06.07.22;Transect;2;1;A;14,25;15;Onagraceae;Epilobium;fleischeri;Hymenoptera;Vespidae;Vespidae;;;,
06.07.22;Transect;2;1;A;14,25;16;Fabaceae;Trifolium;pratense;Hymenoptera;Melittidae;Melitta;sp.;Male;,
06.07.22;Transect;2;1;A;14,25;17;Saxifragaceae;Saxifraga;aizoides;Diptera;Empididae;Empididae;;;,
06.07.22;Transect;2;1;A;14,25;18;Saxifragaceae;Saxifraga;paniculata;Diptera;Dolichopodidae;Dolichopodidae;;;,
06.07.22;Transect;2;1;A;14,25;18;Saxifragaceae;Saxifraga;paniculata;Diptera;Dolichopodidae;Dolichopodidae;;;,
06.07.22;Transect;2;1;A;14,25;18;Saxifragaceae;Saxifraga;paniculata;Diptera;Muscidae;Coenosia;sp.;;,
06.07.22;Transect;2;1;A;14,25;19;Saxifragaceae;Saxifraga;paniculata;Hymenoptera;Hymenoptera;Hymenoptera;;;,
06.07.22;Transect;2;2;B;15,3;1;Asteraceae;Leontodon;hispidus;Coleoptera;Chrysomelidae;Cryptocephalus;sericeus;;,
06.07.22;Transect;2;2;B;15,3;2;Saxifragaceae;Saxifraga;paniculata;Diptera;Syrphidae;Syrphidae;;;,
06.07.22;Transect;2;2;B;15,3;3;Saxifragaceae;Saxifraga;paniculata;Diptera;Syrphidae;Episyrphus;balteatus;Male;,
06.07.22;Transect;2;2;B;15,3;3;Saxifragaceae;Saxifraga;paniculata;Diptera;Syrphidae;Episyrphus;balteatus;Male;,
06.07.22;Transect;2;2;B;15,3;3;Saxifragaceae;Saxifraga;paniculata;Diptera;Syrphidae;Episyrphus;balteatus;Male;,
06.07.22;Transect;2;2;B;15,3;3;Saxifragaceae;Saxifraga;paniculata;Diptera;Syrphidae;Syrphus;vitripennis;Female;,
06.07.22;Transect;2;2;B;15,3;3;Saxifragaceae;Saxifraga;paniculata;Diptera;Syrphidae;Syrphus;vitripennis;Female;,
06.07.22;Transect;2;2;B;15,3;4;Saxifragaceae;Saxifraga;paniculata;Diptera;Dolichopodidae;Dolichopodidae;;;,
06.07.22;Transect;2;2;B;15,3;4;Saxifragaceae;Saxifraga;paniculata;Diptera;Muscidae;Drymeia;vicana;;,
06.07.22;Transect;2;2;B;15,3;4;Saxifragaceae;Saxifraga;paniculata;Diptera;Muscidae;Thricops;nigrifrons;;,
06.07.22;Transect;2;2;B;15,3;4;Saxifragaceae;Saxifraga;paniculata;Diptera;Muscidae;Thricops;nigritellus;;,
06.07.22;Transect;2;2;B;15,3;4;Saxifragaceae;Saxifraga;paniculata;Diptera;Muscidae;Thricops;nigritellus;;,
06.07.22;Transect;2;2;B;15,3;5;Saxifragaceae;Saxifraga;paniculata;Diptera;Therevidae;Thereva;sp.;;,
06.07.22;Transect;2;2;B;15,3;6;Saxifragaceae;Saxifraga;paniculata;Hymenoptera;Formicidae;Formica;lemani;;,
06.07.22;Transect;2;2;B;15,3;6;Saxifragaceae;Saxifraga;paniculata;Hymenoptera;Formicidae;Formica;lemani;;,
06.07.22;Transect;2;2;B;15,3;6;Saxifragaceae;Saxifraga;paniculata;Hymenoptera;Formicidae;Formica;lemani;;,
06.07.22;Transect;2;2;B;15,3;6;Saxifragaceae;Saxifraga;paniculata;Hymenoptera;Formicidae;Formica;lemani;;,
06.07.22;Transect;2;2;B;15,3;6;Saxifragaceae;Saxifraga;paniculata;Hymenoptera;Formicidae;Formica;lemani;;,
06.07.22;Transect;2;2;B;15,3;7;Saxifragaceae;Saxifraga;paniculata;Diptera;Ceratopogonidae;Culicoides;sp.;;,
06.07.22;Transect;2;2;B;15,3;8;Saxifragaceae;Saxifraga;aizoides;Coleoptera;Chrysomelidae;Neocrepidodera;peirolerii;;,
06.07.22;Transect;2;2;B;15,3;8;Saxifragaceae;Saxifraga;aizoides;Coleoptera;Chrysomelidae;Neocrepidodera;peirolerii;;,
06.07.22;Transect;2;2;B;15,3;9;Saxifragaceae;Saxifraga;aizoides;Hymenoptera;Formicidae;Formica;sp.;;,
06.07.22;Transect;2;2;B;15,3;10;Saxifragaceae;Saxifraga;aizoides;Hymenoptera;Formicidae;Formica;lemani;;,
06.07.22;Transect;2;2;B;15,3;10;Saxifragaceae;Saxifraga;aizoides;Hymenoptera;Formicidae;Formica;lemani;;,
06.07.22;Transect;2;2;B;15,3;10;Saxifragaceae;Saxifraga;aizoides;Hymenoptera;Formicidae;Formica;lemani;;,
06.07.22;Transect;2;2;B;15,3;11;Saxifragaceae;Saxifraga;aizoides;Diptera;Dolichopodidae;Dolichopodidae;;;,
06.07.22;Transect;2;2;B;15,3;11;Saxifragaceae;Saxifraga;aizoides;Diptera;Dolichopodidae;Dolichopodidae;;;,
06.07.22;Transect;2;2;B;15,3;11;Saxifragaceae;Saxifraga;aizoides;Diptera;Dolichopodidae;Dolichopodidae;;;,
06.07.22;Transect;2;2;B;15,3;11;Saxifragaceae;Saxifraga;aizoides;Diptera;Muscidae;Thricops;nigritellus;;,
06.07.22;Transect;2;2;B;15,3;12;Saxifragaceae;Saxifraga;aizoides;Diptera;Syrphidae;Episyrphus;balteatus;Male;,
06.07.22;Transect;2;2;B;15,3;12;Saxifragaceae;Saxifraga;aizoides;Diptera;Syrphidae;Episyrphus;balteatus;Female;,
06.07.22;Transect;2;2;B;15,3;12;Saxifragaceae;Saxifraga;aizoides;Diptera;Syrphidae;Syrphus;torvus;Female;,
06.07.22;Transect;2;2;B;15,3;12;Saxifragaceae;Saxifraga;aizoides;Diptera;Syrphidae;Syrphus;vitripennis;Male;,
06.07.22;Transect;2;2;B;15,3;13;Saxifragaceae;Saxifraga;aizoides;Hymenoptera;Hymenoptera;Hymenoptera;;;,
06.07.22;Transect;2;2;B;15,3;13;Saxifragaceae;Saxifraga;aizoides;Hymenoptera;Hymenoptera;Hymenoptera;;;,
06.07.22;Transect;2;2;B;15,3;14;Saxifragaceae;Saxifraga;aizoides;Hymenoptera;Hymenoptera;Hymenoptera;;;,
06.07.22;Transect;2;2;B;15,3;14;Saxifragaceae;Saxifraga;aizoides;Hymenoptera;Hymenoptera;Hymenoptera;;;,
06.07.22;Transect;2;2;B;15,3;15;Asteraceae;Achillea;erba-rotta;Diptera;Syrphidae;Eupeodes;corollae;Male;,
06.07.22;Transect;2;2;B;15,3;16;Asteraceae;Achillea;erba-rotta;Diptera;Syrphidae;Cheilosia;sp.;;,
06.07.22;Transect;2;2;B;15,3;17;Campanulaceae;Campanula;scheuchzeri;Diptera;Empididae;Empididae;;;,
06.07.22;Transect;2;2;B;15,3;18;Rubiaceae;Gallium;mollugo;Diptera;Chamaemyiidae;Chamaemyia;sp.;;,
06.07.22;Transect;2;2;B;15,3;19;Celastraceae;Parnassia;palustris;Coleoptera;Chrysomelidae;Phratora;laticollis;;,
06.07.22;Transect;2;2;B;15,3;20;Orchidaceae;Gymnadenia;conopsea;Diptera;Sciaridae;Sciaridae;;;,
06.07.22;Transect;2;2;A;16,05;1;Asteraceae;Solidago;virgaurea;Diptera;Syrphidae;Sphaerophoria;scripta;Male;,
06.07.22;Transect;2;2;A;16,05;1;Asteraceae;Solidago;virgaurea;Diptera;Syrphidae;Sphaerophoria;sp.;Female;,
06.07.22;Transect;2;2;A;16,05;2;Asteraceae;Solidago;virgaurea;Diptera;Thephritidae;Campiglossa;sp.;;,
06.07.22;Transect;2;2;A;16,05;NA;Campanulaceae;Phyteuma;betonicifolium;Hymenoptera;Apidae;Bombus;sp.;;,
06.07.22;Transect;2;2;A;16,05;3;Campanulaceae;Phyteuma;betonicifolium;Hymenoptera;Apidae;Bombus;pyraeneus;Female;pollinator,
06.07.22;Transect;2;2;A;16,05;4;Campanulaceae;Phyteuma;betonicifolium;Hymenoptera;Apidae;Bombus;pratorum;Female;pollinator,
06.07.22;Transect;2;2;A;16,05;5;Campanulaceae;Phyteuma;betonicifolium;Diptera;Muscidae;Thricops;cunctans;;,
06.07.22;Transect;2;2;A;16,05;5;Campanulaceae;Phyteuma;betonicifolium;Diptera;Muscidae;Thricops;aculeipes;;,
06.07.22;Transect;2;2;A;16,05;5;Campanulaceae;Phyteuma;betonicifolium;Diptera;Muscidae;Thricops;nigritellus;;,
06.07.22;Transect;2;2;A;16,05;6;Campanulaceae;Phyteuma;betonicifolium;Lepidoptera;Zygaenidae;Adscita;statices;;,
06.07.22;Transect;2;2;A;16,05;7;Campanulaceae;Phyteuma;betonicifolium;Mesostigmata;Parasitidae;Parasitellus;fucorum;;,
06.07.22;Transect;2;2;A;16,05;8;Asteraceae;Achillea;erba-rotta;Hemiptera;Pentatomidae;Dolycoris;baccarum;;,
06.07.22;Transect;2;2;A;16,05;9;Asteraceae;Achillea;erba-rotta;Hymenoptera;Hymenoptera;Hymenoptera;;;,
06.07.22;Transect;2;2;A;16,05;10;Asteraceae;Achillea;erba-rotta;Thysanoptera;Thripidae;Thripidae;;;,
06.07.22;Transect;2;2;A;16,05;11;Fabaceae;Anthyllis;vulneraria;Hymenoptera;Apidae;Bombus;sichelii;Female;pollinator,
06.07.22;Transect;2;2;A;16,05;12;Asteraceae;Hieracium;bifidum;Diptera;Syrphidae;Syrphus;torvus;Male;,
06.07.22;Transect;2;2;A;16,05;13;Asteraceae;Hieracium;bifidum;Diptera;Tachinidae;Ceranthia;tristella;;,
06.07.22;Transect;2;2;A;16,05;13;Asteraceae;Hieracium;bifidum;Diptera;Empididae;Empididae;;;,
06.07.22;Transect;2;2;A;16,05;14,1;Asteraceae;Hieracium;bifidum;Coleoptera;Melyridae;Dasytes;sp.;;
06.07.22;Transect;2;2;A;16,05;14,2;Asteraceae;Hieracium;bifidum;Coleoptera;Staphylinidae;Staphylinidae;;;
06.07.22;Transect;2;2;A;16,05;15;Asteraceae;Hieracium;bifidum;Coleoptera;Staphylinidae;Eusphalerum;sp.;;,
06.07.22;Transect;2;2;A;16,05;15;Asteraceae;Hieracium;bifidum;Coleoptera;Staphylinidae;Eusphalerum;sp.;;,
06.07.22;Transect;2;2;A;16,05;15;Asteraceae;Hieracium;bifidum;Coleoptera;Staphylinidae;Eusphalerum;sp.;;,
06.07.22;Transect;2;2;A;16,05;16;Asteraceae;Hieracium;bifidum;Thysanoptera;Thripidae;Thripidae;;;,
06.07.22;Transect;2;2;A;16,05;17;Asteraceae;Hieracium;bifidum;Hemiptera;Lygaeidae;Nithecus;jacobaeae;;,
06.07.22;Transect;2;2;A;16,05;18;Campanulaceae;Campanula;barbata;Araneae;Thomisidae;Xysticus;cristatus;;,
06.07.22;Transect;2;2;A;16,05;19;Orobanchaceae;Rhinanthus;glacialis;Hymenoptera;Formicidae;Formica;lemani;;,
06.07.22;Transect;2;2;A;16,05;19;Orobanchaceae;Rhinanthus;glacialis;Hymenoptera;Formicidae;Formica;lemani;;,
06.07.22;Transect;2;2;A;16,05;19;Orobanchaceae;Rhinanthus;glacialis;Hymenoptera;Formicidae;Formica;lemani;;,
06.07.22;Transect;2;2;A;16,05;19;Orobanchaceae;Rhinanthus;glacialis;Hymenoptera;Formicidae;Formica;lemani;;,
06.07.22;Transect;2;2;A;16,05;19;Orobanchaceae;Rhinanthus;glacialis;Coleoptera;Coleoptera;Coleoptera;;;,
06.07.22;Transect;2;2;A;16,05;20;Polygonaceae;Rumex;alpinus;Lepidoptera;Lycaenidae;Cyaniris;semiargus;;,
06.07.22;Transect;2;2;A;16,05;21;Caryophyllaceae;Silene;vulgaris;Lepidoptera;Lycaenidae;Cyaniris;semiargus;;,
06.07.22;Transect;2;2;A;16,05;22;Caryophyllaceae;Silene;vulgaris;Diptera;Calyptratae;Calyptratae;;;,
06.07.22;Transect;2;2;A;16,05;23;Fabaceae;Trifolium;pallescens;Hymenoptera;Apidae;Apidae;;;,
06.07.22;Transect;2;2;A;16,05;24;Fabaceae;Trifolium;pallescens;Hymenoptera;Apidae;Bombus;pyraeneus;Female;pollinator,
07.07.22;Transect;2;3;C;9,45;1;Fabaceae;Trifolium;pratense;Hymenoptera;Apidae;Bombus;sp.;;,
07.07.22;Transect;2;3;C;9,45;2;Fabaceae;Trifolium;pratense;Lepidoptera;Lycaenidae;Cyaniris;semiargus;;,
07.07.22;Transect;2;3;C;9,45;3;Fabaceae;Trifolium;pratense;Diptera;Anthomyiidae;Anthomyiidae;;;,
07.07.22;Transect;2;3;C;9,45;4;Asteraceae;Hieracium;glandulifolium;Diptera;Syrphidae;Scaeva;selenitica;Female;,
07.07.22;Transect;2;3;C;9,45;4;Asteraceae;Hieracium;glandulifolium;Diptera;Syrphidae;Eupeodes;corollae;Female;,
07.07.22;Transect;2;3;C;9,45;5;Asteraceae;Hieracium;glandulifolium;Diptera;Muscidae;Thricops;nigritellus;;,
07.07.22;Transect;2;3;C;9,45;5;Asteraceae;Hieracium;glandulifolium;Diptera;Syrphidae;Coenosia;sp.;;,
07.07.22;Transect;2;3;C;9,45;5;Asteraceae;Hieracium;glandulifolium;Diptera;Muscidae;Drymeia;hamata;;,
07.07.22;Transect;2;3;C;9,45;5;Asteraceae;Hieracium;glandulifolium;Diptera;Anthomyiidae;Anthomyiidae;;;,
07.07.22;Transect;2;3;C;9,45;5;Asteraceae;Hieracium;glandulifolium;Diptera;Muscidae;Drymeia;hamata;;,
07.07.22;Transect;2;3;C;9,45;5;Asteraceae;Hieracium;glandulifolium;Diptera;Muscidae;Drymeia;hamata;;,
07.07.22;Transect;2;3;C;9,45;5;Asteraceae;Hieracium;glandulifolium;Diptera;Muscidae;Drymeia;nigritellus;;,
07.07.22;Transect;2;3;C;9,45;6;Asteraceae;Hieracium;glandulifolium;Lepidoptera;Noctuidae;Noctuidae;;;,
07.07.22;Transect;2;3;C;9,45;7;Asteraceae;Hieracium;glandulifolium;Hemiptera;Hemiptera;Hemiptera;;;,
07.07.22;Transect;2;3;C;9,45;8;Campanulaceae;Campanula;barbata;Diptera;Muscidae;Thricops;cunctans;;,
07.07.22;Transect;2;3;C;9,45;8;Campanulaceae;Campanula;barbata;Diptera;Muscidae;Thricops;nigritellus;;,
07.07.22;Transect;2;3;C;9,45;8;Campanulaceae;Campanula;barbata;Diptera;Muscidae;Thricops;nigritellus;;,
07.07.22;Transect;2;3;C;9,45;9;Campanulaceae;Phyteuma;betonicifolium;Diptera;Syrphidae;Syrphus;torvus;Female;,
07.07.22;Transect;2;3;C;9,45;10;Campanulaceae;Phyteuma;betonicifolium;Diptera;Muscidae;Thricops;nigritellus;;,
07.07.22;Transect;2;3;C;9,45;10;Campanulaceae;Phyteuma;betonicifolium;Diptera;Muscidae;Thricops;nigritellus;;,
07.07.22;Transect;2;3;C;9,45;10;Campanulaceae;Phyteuma;betonicifolium;Diptera;Muscidae;Thricops;nigritellus;;,
07.07.22;Transect;2;3;C;9,45;10;Campanulaceae;Phyteuma;betonicifolium;Diptera;Muscidae;Thricops;nigritellus;;,
07.07.22;Transect;2;3;C;9,45;10;Campanulaceae;Phyteuma;betonicifolium;Diptera;Muscidae;Thricops;nigritellus;;,
07.07.22;Transect;2;3;C;9,45;10;Campanulaceae;Phyteuma;betonicifolium;Diptera;Anthomyiidae;Anthomyiidae;;;,
07.07.22;Transect;2;3;C;9,45;10;Campanulaceae;Phyteuma;betonicifolium;Diptera;Muscidae;Thricops;cunctans;;,
07.07.22;Transect;2;3;C;9,45;10;Campanulaceae;Phyteuma;betonicifolium;Diptera;Muscidae;Thricops;cunctans;;,
07.07.22;Transect;2;3;C;9,45;10;Campanulaceae;Phyteuma;betonicifolium;Diptera;Muscidae;Thricops;nigritellus;;,
07.07.22;Transect;2;3;C;9,45;10;Campanulaceae;Phyteuma;betonicifolium;Diptera;Muscidae;Thricops;cunctans;;,
07.07.22;Transect;2;3;C;9,45;11;Campanulaceae;Phyteuma;betonicifolium;Coleoptera;Melyridae;Dasytes;sp.;;,
07.07.22;Transect;2;3;C;9,45;12;Campanulaceae;Phyteuma;betonicifolium;Hymenoptera;Apidae;Bombus;terrestris;Female;pollinator,
07.07.22;Transect;2;3;C;9,45;13;Campanulaceae;Phyteuma;betonicifolium;Hymenoptera;Apidae;Bombus;pyraeneus;Female;pollinator,
07.07.22;Transect;2;3;C;9,45;14;Campanulaceae;Campanula;scheuchzeri;Diptera;Muscidae;Thricops;beckeri;;,
07.07.22;Transect;2;3;C;9,45;15;Campanulaceae;Campanula;scheuchzeri;Lepidoptera;Lycaenidae;Cupido;minimus;;,
07.07.22;Transect;2;3;C;9,45;16;Campanulaceae;Campanula;scheuchzeri;Hymenoptera;Formicidae;Formicidae;;;,
07.07.22;Transect;2;3;C;9,45;17;Onagraceae;Epilobium;angustifolium;Diptera;Syrphidae;Scaeva;selenitica;Male;,
07.07.22;Transect;2;3;D;10,25;1;Caryophyllaceae;Silene;vulgaris;Diptera;Muscidae;Thricops;nigritellus;;,
07.07.22;Transect;2;3;D;10,25;1;Caryophyllaceae;Silene;vulgaris;Diptera;Muscidae;Thricops;nigritellus;;,
07.07.22;Transect;2;3;D;10,25;1;Caryophyllaceae;Silene;vulgaris;Diptera;Muscidae;Thricops;nigritellus;;,
07.07.22;Transect;2;3;D;10,25;1;Caryophyllaceae;Silene;vulgaris;Diptera;Muscidae;Thricops;nigritellus;;,
07.07.22;Transect;2;3;D;10,25;1;Caryophyllaceae;Silene;vulgaris;Diptera;Muscidae;Thricops;beckeri;;,
07.07.22;Transect;2;3;D;10,25;1;Caryophyllaceae;Silene;vulgaris;Diptera;Muscidae;Thricops;cunctans;;,
07.07.22;Transect;2;3;D;10,25;2;Caryophyllaceae;Silene;vulgaris;Diptera;Ceratopogonidae;Culicoides;sp.;;,
07.07.22;Transect;2;3;D;10,25;3;Campanulaceae;Phyteuma;betonicifolium;Diptera;Syrphidae;Episyrphus;balteatus;Male;,
07.07.22;Transect;2;3;D;10,25;3;Campanulaceae;Phyteuma;betonicifolium;Diptera;Syrphidae;Scaeva;pyrastri;Female;,
07.07.22;Transect;2;3;D;10,25;3;Campanulaceae;Phyteuma;betonicifolium;Diptera;Syrphidae;Syrphus;ribesii;Male;,
07.07.22;Transect;2;3;D;10,25;3;Campanulaceae;Phyteuma;betonicifolium;Diptera;Syrphidae;Syrphus;ribesii;Male;,
07.07.22;Transect;2;3;D;10,25;4;Campanulaceae;Phyteuma;betonicifolium;Diptera;Muscidae;Thricops;nigritellus;;,
07.07.22;Transect;2;3;D;10,25;4;Campanulaceae;Phyteuma;betonicifolium;Diptera;Muscidae;Thricops;cunctans;;,
07.07.22;Transect;2;3;D;10,25;4;Campanulaceae;Phyteuma;betonicifolium;Diptera;Anthomyiidae;Anthomyiidae;;;,
07.07.22;Transect;2;3;D;10,25;4;Campanulaceae;Phyteuma;betonicifolium;Diptera;Muscidae;Thricops;nigritellus;;,
07.07.22;Transect;2;3;D;10,25;4;Campanulaceae;Phyteuma;betonicifolium;Diptera;Muscidae;Thricops;aculeipes;;,
07.07.22;Transect;2;3;D;10,25;5;Campanulaceae;Phyteuma;betonicifolium;Lepidoptera;Lycaenidae;Cupido;minimus;;,
07.07.22;Transect;2;3;D;10,25;5;Campanulaceae;Phyteuma;betonicifolium;Lepidoptera;Lycaenidae;Plebejus;idas;;,
07.07.22;Transect;2;3;D;10,25;6;Campanulaceae;Phyteuma;betonicifolium;Hymenoptera;Apidae;Bombus;soroeensis cfr. ;Female;pollinator,
07.07.22;Transect;2;3;D;10,25;7;Campanulaceae;Phyteuma;betonicifolium;Hymenoptera;Apidae;Bombus;pyraeneus;Female;pollinator,
07.07.22;Transect;2;3;D;10,25;8;Campanulaceae;Phyteuma;betonicifolium;Hymenoptera;Apidae;Bombus;lapidarius;Female;pollinator,
07.07.22;Transect;2;3;D;10,25;9;Campanulaceae;Campanula;barbata;Hymenoptera;Apidae;Bombus;soroeensis cfr. ;Female;pollinator,
07.07.22;Transect;2;3;D;10,25;10;Asteraceae;Leucanthemum;vulgare;Hemiptera;Miridae;Chlamydatus;pulicarius;;,
07.07.22;Transect;2;3;D;10,25;10;Asteraceae;Leucanthemum;vulgare;Hemiptera;Miridae;Chlamydatus;pulicarius;;,
07.07.22;Transect;2;3;D;10,25;10;Asteraceae;Leucanthemum;vulgare;Hemiptera;Miridae;Chlamydatus;pulicarius;;,
07.07.22;Transect;2;3;D;10,25;11;Asteraceae;Leucanthemum;vulgare;Diptera;Muscidae;Coenosia;sp.;;,
07.07.22;Transect;2;3;D;10,25;12;Asteraceae;Leontodon;hispidus;Diptera;Muscidae;Thricops;furcatus;;,
07.07.22;Transect;2;3;D;10,25;12;Asteraceae;Leontodon;hispidus;Diptera;Muscidae;Drymeia;hamata;;,
07.07.22;Transect;2;3;D;10,25;12;Asteraceae;Leontodon;hispidus;Diptera;Muscidae;Drymeia;hamata;;,
07.07.22;Transect;2;3;D;10,25;13;Asteraceae;Hieracium;staticifolium;Diptera;Syrphidae;Syrphus;torvus;Male;,
07.07.22;Transect;2;3;D;10,25;13;Asteraceae;Hieracium;staticifolium;Diptera;Syrphidae;Scaeva;selenitica;Female;,
07.07.22;Transect;2;3;D;10,25;14;Asteraceae;Hieracium;staticifolium;Diptera;Anthomyiidae;Anthomyiidae;;;,
07.07.22;Transect;2;3;D;10,25;15;Asteraceae;Hieracium;staticifolium;Diptera;Syrphidae;Chrysotoxum;sp.;;,
07.07.22;Transect;2;3;D;10,25;16;Crassulaceae;Sempervivum;montanum;Diptera;Syrphidae;Eupeodes;luniger;Female;,
07.07.22;Transect;2;4;D;11,15;1;Caryophyllaceae;Silene;vulgaris;Diptera;Conopidae;Zodion;cinereum;;,
07.07.22;Transect;2;4;D;11,15;1;Caryophyllaceae;Silene;vulgaris;Diptera;Muscidae;Thricops;cunctans;;,
07.07.22;Transect;2;4;D;11,15;1;Caryophyllaceae;Silene;vulgaris;Diptera;Muscidae;Thricops;nigritellus;;,
07.07.22;Transect;2;4;D;11,15;2;Caryophyllaceae;Silene;vulgaris;Coleoptera;Staphylinidae;Eusphalerum;sp.;;,
07.07.22;Transect;2;4;D;11,15;2;Caryophyllaceae;Silene;vulgaris;Coleoptera;Staphylinidae;Eusphalerum;sp.;;,
07.07.22;Transect;2;4;D;11,15;2;Caryophyllaceae;Silene;vulgaris;Coleoptera;Staphylinidae;Eusphalerum;sp.;;,
07.07.22;Transect;2;4;D;11,15;2;Caryophyllaceae;Silene;vulgaris;Coleoptera;Staphylinidae;Eusphalerum;sp.;;,
07.07.22;Transect;2;4;D;11,15;2;Caryophyllaceae;Silene;vulgaris;Coleoptera;Staphylinidae;Eusphalerum;sp.;;,
07.07.22;Transect;2;4;D;11,15;2;Caryophyllaceae;Silene;vulgaris;Coleoptera;Staphylinidae;Eusphalerum;sp.;;,
07.07.22;Transect;2;4;D;11,15;3;Asteraceae;Hieracium;bifidum;Hymenoptera;Vespidae;Vespidae;;;,
07.07.22;Transect;2;4;D;11,15;4;Apiaceae;Peucedanum;ostruthium;Diptera;Syrphidae;Syrphidae;;;,
07.07.22;Transect;2;4;D;11,15;4;Apiaceae;Peucedanum;ostruthium;Diptera;Syrphidae;Syrphidae;;;,
07.07.22;Transect;2;4;D;11,15;5;Apiaceae;Peucedanum;ostruthium;Diptera;Muscidae;Thricops;nigrifrons;;,
07.07.22;Transect;2;4;D;11,15;5;Apiaceae;Peucedanum;ostruthium;Diptera;Muscidae;Thricops;longipes;;,
07.07.22;Transect;2;4;D;11,15;6;Apiaceae;Peucedanum;ostruthium;Diptera;Sciaridae;Sciaridae;;;,
07.07.22;Transect;2;4;D;11,15;6;Apiaceae;Peucedanum;ostruthium;Diptera;Phoridae;Megaselia;sp.;;,
07.07.22;Transect;2;4;D;11,15;7;Apiaceae;Peucedanum;ostruthium;Coleoptera;Cerambycidae;Grammoptera;ruficornis;;,
07.07.22;Transect;2;4;D;11,15;NA;Ericaceae;Orthilia;secunda;Hymenoptera;Apidae;Bombus;sp.;;,
07.07.22;Transect;2;4;D;11,15;8;Ericaceae;Orthilia;secunda;Diptera;Empididae;Empididae;;;,
07.07.22;Transect;2;4;D;11,15;8;Ericaceae;Orthilia;secunda;Diptera;Muscidae;Thricops;aculeipes;;,
07.07.22;Transect;2;1;D;13,2;1;Asteraceae;Hieracium;staticifolium;Diptera;Syrphidae;Scaeva;pyrastri;Male;,
07.07.22;Transect;2;1;D;13,2;1;Asteraceae;Hieracium;staticifolium;Diptera;Syrphidae;Eupeodes;luniger;Female;,
07.07.22;Transect;2;1;D;13,2;1;Asteraceae;Hieracium;staticifolium;Diptera;Syrphidae;Eupeodes;luniger;Female;,
07.07.22;Transect;2;1;D;13,2;2;Asteraceae;Hieracium;staticifolium;Diptera;Diptera;Diptera;;;,
07.07.22;Transect;2;1;D;13,2;2;Asteraceae;Hieracium;staticifolium;Diptera;Diptera;Diptera;;;,
07.07.22;Transect;2;1;D;13,2;3;Asteraceae;Hieracium;staticifolium;Lepidoptera;Noctuidae;Acronicta;euphorbiae;;,
07.07.22;Transect;2;1;D;13,2;4;Asteraceae;Hieracium;staticifolium;Hymenoptera;Apidae;Apidae;;;,
07.07.22;Transect;2;1;D;13,2;5;Asteraceae;Hieracium;staticifolium;Hymenoptera;Apidae;Bombus;pyraeneus;Female;pollinator,
07.07.22;Transect;2;1;D;13,2;6;Fabaceae;Anthyllis;vulneraria;Hymenoptera;Apidae;Bombus;soroeensis;Female;pollinator,
07.07.22;Transect;2;1;D;13,2;7;Fabaceae;Anthyllis;vulneraria;Hymenoptera;Megachilidae;Hoplitis;sp.;Female;,
07.07.22;Transect;2;1;D;13,2;8;Saxifragaceae;Saxifraga;paniculata;Diptera;Syrphidae;Cheilosia;sp.;;,
07.07.22;Transect;2;1;D;13,2;8;Saxifragaceae;Saxifraga;paniculata;Diptera;Muscidae;Coenosia;sp.;;,
07.07.22;Transect;2;1;D;13,2;9;Saxifragaceae;Saxifraga;paniculata;Lepidoptera;Lepidoptera;Lepidoptera;;;,
07.07.22;Transect;2;1;D;13,2;10;Saxifragaceae;Saxifraga;paniculata;Hymenoptera;Ichneumonidae;Ichneumonidae;;;,
07.07.22;Transect;2;1;D;13,2;11;Onagraceae;Epilobium;fleischeri;Hymenoptera;Apidae;Apidae;;;,
07.07.22;Transect;2;1;D;13,2;12;Caryophyllaceae;Silene;rupestris;Diptera;Syrphidae;Eupeodes;tirolensis;Female;,
07.07.22;Transect;2;1;D;13,2;13;Campanulaceae;Campanula;scheuchzeri;Hemiptera;Aphididae;Aphis;sambuci;;,
07.07.22;Transect;2;1;D;13,2;13;Campanulaceae;Campanula;scheuchzeri;Hemiptera;Aphididae;Aphis;sambuci;;,
07.07.22;Transect;2;1;D;13,2;13;Campanulaceae;Campanula;scheuchzeri;Hemiptera;Aphididae;Aphis;sambuci;;,
07.07.22;Transect;2;1;D;13,2;NA;Campanulaceae;Campanula;barbata;Hymenoptera;Apidae;Bombus;sp.;;,
07.07.22;Transect;2;1;C;14;1;Asteraceae;Hieracium;staticifolium;Diptera;Syrphidae;Sphaerophoria;scripta;Male;,,
07.07.22;Transect;2;1;C;14;1;Asteraceae;Hieracium;staticifolium;Diptera;Syrphidae;Eupeodes;corollae;Female;,,
07.07.22;Transect;2;1;C;14;1;Asteraceae;Hieracium;staticifolium;Diptera;Syrphidae;Eupeodes;luniger;Male;,,
07.07.22;Transect;2;1;C;14;2;Asteraceae;Hieracium;staticifolium;Hymenoptera;Apidae;Bombus;sichelii;Female;pollinator,,
07.07.22;Transect;2;1;C;14;3;Asteraceae;Hieracium;staticifolium;Diptera;Syrphidae;Eristalis;tenax;Male;,,
07.07.22;Transect;2;1;C;14;4;Asteraceae;Hieracium;staticifolium;Diptera;Syrphidae;Eristalis;tenax;Male;,,
07.07.22;Transect;2;1;C;14;5;Saxifragaceae;Saxifraga;paniculata;Diptera;Syrphidae;Episyrphus;balteatus;Female;,,
07.07.22;Transect;2;1;C;14;6;Fabaceae;Anthyllis;vulneraria;Hymenoptera;Apidae;Bombus;terrestris;Female;pollinator,,
07.07.22;Transect;2;1;C;14;7;Fabaceae;Anthyllis;vulneraria;Hymenoptera;Apidae;Bombus;terrestris;Female;pollinator,,
07.07.22;Transect;2;1;C;14;8;Lamiaceae;Thymus;alpestris;Diptera;Syrphidae;Sphaerophoria;scripta;Female;,,
07.07.22;Transect;2;1;C;14;9;Caryophyllaceae;Gypsophila;repens;Diptera;Bombylidae;Bombylius;sp.;;,,
07.07.22;Transect;2;1;C;14;9;Caryophyllaceae;Gypsophila;repens;Diptera;Tachinidae;Dinera;carinifrons;;,,
07.07.22;Transect;2;2;D;14,45;1;Campanulaceae;Campanula;barbata;Hymenoptera;Apidae;Bombus;pratorum;Female;pollinator,
07.07.22;Transect;2;2;D;14,45;2;Asteraceae;Pilosella;glacialis;Diptera;Anthomyiidae;Anthomyiidae;;;,
07.07.22;Transect;2;2;D;14,45;3;Asteraceae;Pilosella;glacialis;Lepidoptera;Geometridae;Geometridae;;;,
07.07.22;Transect;2;2;D;14,45;4;Lamiaceae;Thymus;alpestris;Diptera;Syrphidae;Platycheirus;manicatus;Male;,
07.07.22;Transect;2;2;D;14,45;5;Lamiaceae;Thymus;alpestris;Diptera;Bombyliidae;Bombylius;major;;,
07.07.22;Transect;2;2;D;14,45;6;Lamiaceae;Thymus;alpestris;Diptera;Empididae;Empididae;;;,
07.07.22;Transect;2;2;D;14,45;7;Lamiaceae;Thymus;alpestris;Hymenoptera;Megachilidae;Hoplitis;sp.;Female;,
07.07.22;Transect;2;2;D;14,45;8;Lamiaceae;Thymus;alpestris;Hymenoptera;Hymenoptera;Hymenoptera;;;,
07.07.22;Transect;2;2;D;14,45;9;Lamiaceae;Thymus;alpestris;Lepidoptera;Lycaenidae;Plebejus;idas;;,
07.07.22;Transect;2;2;C;15,2;1;Asteraceae;Achillea;erba-rotta;Hemiptera;Lygaeidae;Nithecus;jacobaeae;;,
07.07.22;Transect;2;2;C;15,2;2;Asteraceae;Hieracium;staticifolium;Lepidoptera;Geometridae;Geometridae;;;,
07.07.22;Transect;2;2;C;15,2;3;Asteraceae;Hieracium;staticifolium;Thysanoptera;Phlaeothripidae;Phlaeothripidae;;;,
07.07.22;Transect;2;2;C;15,2;3;Asteraceae;Hieracium;staticifolium;Thysanoptera;Phlaeothripidae;Phlaeothripidae;;;,
07.07.22;Transect;2;2;C;15,2;4;Saxifragaceae;Saxifraga;paniculata;Diptera;Syrphidae;Scaeva;selenitica;Male;,
07.07.22;Transect;2;2;C;15,2;4;Saxifragaceae;Saxifraga;paniculata;Diptera;Syrphidae;Episyrphus;balteatus;Male;,
07.07.22;Transect;2;2;C;15,2;5;Saxifragaceae;Saxifraga;paniculata;Diptera;Muscidae;Coenosia;sp.;;,
07.07.22;Transect;2;2;C;15,2;5;Saxifragaceae;Saxifraga;paniculata;Diptera;Dolichopodidae;Dolichopodidae;;;,
07.07.22;Transect;2;2;C;15,2;5;Saxifragaceae;Saxifraga;paniculata;Diptera;Syrphidae;Cheilosia;sp.;;,
07.07.22;Transect;2;2;C;15,2;6;Saxifragaceae;Saxifraga;paniculata;Hymenoptera;Formicidae;Formica;lemani;;,
07.07.22;Transect;2;2;C;15,2;7;Saxifragaceae;Saxifraga;aizoides;Diptera;Syrphidae;Episyrphus;balteatus;Female;,
07.07.22;Transect;2;2;C;15,2;7;Saxifragaceae;Saxifraga;aizoides;Diptera;Syrphidae;Syrphus;vitripennis;Female;,
07.07.22;Transect;2;2;C;15,2;7;Saxifragaceae;Saxifraga;aizoides;Diptera;Syrphidae;Melangyna;sp.;Male;,
07.07.22;Transect;2;2;C;15,2;8;Saxifragaceae;Saxifraga;aizoides;Diptera;Calliphoridae;Cynomya;mortuorum;;,
07.07.22;Transect;2;2;C;15,2;9;Saxifragaceae;Saxifraga;aizoides;Diptera;Phoridae;Megaselia;sp.;;,
07.07.22;Transect;2;2;C;15,2;10;Saxifragaceae;Saxifraga;aizoides;Hymenoptera;Formicidae;Formica;lemani;;,
07.07.22;Transect;2;2;C;15,2;10;Saxifragaceae;Saxifraga;aizoides;Hymenoptera;Formicidae;Formica;lemani;;,
07.07.22;Transect;2;2;C;15,2;10;Saxifragaceae;Saxifraga;aizoides;Hymenoptera;Formicidae;Formica;lemani;;,
07.07.22;Transect;2;2;C;15,2;10;Saxifragaceae;Saxifraga;aizoides;Hymenoptera;Formicidae;Formica;lemani;;,
07.07.22;Transect;2;2;C;15,2;10;Saxifragaceae;Saxifraga;aizoides;Hymenoptera;Formicidae;Formica;lemani;;,
07.07.22;Transect;2;2;C;15,2;10;Saxifragaceae;Saxifraga;aizoides;Hymenoptera;Formicidae;Formica;lemani;;,
07.07.22;Transect;2;2;C;15,2;10;Saxifragaceae;Saxifraga;aizoides;Hymenoptera;Formicidae;Formica;lemani;;,
07.07.22;Transect;2;2;C;15,2;11;Fabaceae;Anthyllis;vulneraria;Hymenoptera;Formicidae;Formica;lemani;;,
07.07.22;Transect;2;2;C;15,2;12;Fabaceae;Anthyllis;vulneraria;Coleoptera;Chrysomelidae;Labidostomis;longimana;;,
07.07.22;Transect;2;2;C;15,2;13;Asteraceae;Leontodon;hispidus;Hymenoptera;Apidae;Apidae;;;,
07.07.22;Transect;2;2;C;15,2;14;Tofieldiaceae;Tofieldia;calyculata;Lepidoptera;Zygaenidae;Adscita;statices;;,
07.07.22;Transect;2;2;C;15,2;15;Tofieldiaceae;Tofieldia;calyculata;Diptera;Syrphidae;Cheilosia;sp.;;,
07.07.22;Transect;2;2;C;15,2;16;Orchidaceae;Gymnadenia;odoratissima;Lepidoptera;Zygaenidae;Adscita;statices;;,
07.07.22;Transect;2;2;C;15,2;17;Orchidaceae;Gymnadenia;odoratissima;Hymenoptera;Formicidae;Formica;lemani;;,
07.07.22;Transect;2;2;C;15,2;18;Asteraceae;Leontopodium;alpinum;Hymenoptera;Formicidae;Formica;lemani;;,
07.07.22;Transect;2;2;C;15,2;19;Asteraceae;Solidago;virgaurea;Hymenoptera;Apidae;Bombus;pyraeneus;Female;pollinator,
07.07.22;Transect;2;2;C;15,2;20;Rosaceae;Alchemilla;alpina;Diptera;Dolichopodidae;Dolichopodidae;;;,
07.07.22;Transect;2;2;C;15,2;20;Rosaceae;Alchemilla;alpina;Diptera;Phoridae;Megaselia;sp.;;,
07.07.22;Transect;2;2;C;15,2;21;Rosaceae;Alchemilla;alpina;Hymenoptera;Formicidae;Formica;lemani;;,
07.07.22;Transect;2;2;C;15,2;22;Rosaceae;Alchemilla;alpina;Coleoptera;Curculionidae;Otiorhynchus;sp.;;herbivore,
13.07.22;Transect;3;1;D;10,1;1;Onagraceae;Epilobium;fleischeri;Hymenoptera;Apidae;Bombus;pratorum cfr.;Female;pollinator,
13.07.22;Transect;3;1;D;10,1;2;Onagraceae;Epilobium;fleischeri;Hymenoptera;Apidae;Apidae;;;,
13.07.22;Transect;3;1;D;10,1;2;Onagraceae;Epilobium;fleischeri;Hymenoptera;Apidae;Apidae;;;,
13.07.22;Transect;3;1;D;10,1;3;Onagraceae;Epilobium;fleischeri;Hemiptera;Cicadellidae;Macrosteles;sexnotatus;;,
13.07.22;Transect;3;1;D;10,1;4;Fabaceae;Anthyllis;vulneraria;Hymenoptera;Apidae;Bombus;lapidarius;Female;pollinator,
13.07.22;Transect;3;1;D;10,1;5;Campanulaceae;Campanula;scheuchzeri;Hymenoptera;Apidae;Bombus;pyraeneus cfr.;Female;pollinator,
13.07.22;Transect;3;1;D;10,1;6;Asteraceae;Hieracium;bifidum;Lepidoptera;Geometridae;Geometridae;;;,
13.07.22;Transect;3;1;D;10,1;7;Asteraceae;Leontopodium;alpinum;Hymenoptera;Hymenoptera;Hymenoptera;;;,
13.07.22;Transect;3;1;D;10,1;8;Rosaceae;Alchemilla;alpina;Hymenoptera;Hymenoptera;Hymenoptera;;;,
13.07.22;Transect;3;1;D;10,1;9;Asteraceae;Hieracium;staticifolium;Hymenoptera;Apidae;Bombus;pyraeneus cfr.;Female;pollinator,
13.07.22;Transect;3;1;D;10,1;9;Asteraceae;Hieracium;staticifolium;Hymenoptera;Apidae;Bombus;pyraeneus cfr.;Female;pollinator,
13.07.22;Transect;3;1;D;10,1;10;Asteraceae;Hieracium;staticifolium;Diptera;Syrphidae;Sphaerophoria;scripta;Female;,
13.07.22;Transect;3;1;D;10,1;10;Asteraceae;Hieracium;staticifolium;Diptera;Syrphidae;Sphaerophoria;scripta;Female;,
13.07.22;Transect;3;1;D;10,1;10;Asteraceae;Hieracium;staticifolium;Diptera;Syrphidae;Platycheirus;manicatus;Female;,
13.07.22;Transect;3;1;D;10,1;10;Asteraceae;Hieracium;staticifolium;Diptera;Syrphidae;Platycheirus;albimanus;Female;,
13.07.22;Transect;3;1;D;10,1;11;Asteraceae;Hieracium;staticifolium;Lepidoptera;Noctuidae;Noctuidae;;;,
13.07.22;Transect;3;1;D;10,1;11;Asteraceae;Hieracium;staticifolium;Lepidoptera;Noctuidae;Noctuidae;;;,
13.07.22;Transect;3;1;D;10,1;12;Asteraceae;Hieracium;staticifolium;Mesostigmata;Mesostigmata;Mesostigmata;;;,
13.07.22;Transect;3;1;C;10,5;1;Asteraceae;Hieracium;staticifolium;Diptera;Syrphidae;Eristalis;tenax;Male;,
13.07.22;Transect;3;1;C;10,5;1;Asteraceae;Hieracium;staticifolium;Diptera;Syrphidae;Eristalis;tenax;Male;,
13.07.22;Transect;3;1;C;10,5;2;Asteraceae;Hieracium;staticifolium;Diptera;Syrphidae;Syrphus;torvus;Female;,
13.07.22;Transect;3;1;C;10,5;3;Asteraceae;Hieracium;staticifolium;Diptera;Diptera;Diptera;;;,
13.07.22;Transect;3;1;C;10,5;4;Asteraceae;Hieracium;staticifolium;Diptera;Bombyliidae;Bombylius;major;;,
13.07.22;Transect;3;1;C;10,5;5;Asteraceae;Hieracium;staticifolium;Coleoptera;Chrysomelidae;Cryptocephalus;sericeus;;,
13.07.22;Transect;3;1;C;10,5;6;Asteraceae;Hieracium;staticifolium;Hemiptera;Aphrophoridae;Neophilaenus;sp.;;,
13.07.22;Transect;3;1;C;10,5;6;Asteraceae;Hieracium;staticifolium;Hemiptera;Aphrophoridae;Neophilaenus;sp.;;,
13.07.22;Transect;3;1;C;10,5;7;Asteraceae;Hieracium;staticifolium;Lepidoptera;Noctuidae;Noctuidae;;;,
13.07.22;Transect;3;1;C;10,5;8;Asteraceae;Hieracium;staticifolium;Hymenoptera;Apidae;Bombus;pyraeneus cfr.;Female;pollinator,
13.07.22;Transect;3;1;C;10,5;8;Asteraceae;Hieracium;staticifolium;Hymenoptera;Apidae;Bombus;pyraeneus cfr.;Female;pollinator,
13.07.22;Transect;3;1;C;10,5;9;Asteraceae;Hieracium;staticifolium;Hymenoptera;Apidae;Bombus;pyraeneus cfr.;Female;pollinator,
13.07.22;Transect;3;1;C;10,5;9;Asteraceae;Hieracium;staticifolium;Hymenoptera;Apidae;Bombus;pyraeneus cfr.;Female;pollinator,
13.07.22;Transect;3;1;C;10,5;10;Asteraceae;Hieracium;staticifolium;Microlepidoptera;Scythrididae;Scythris;picaepennis;;,
13.07.22;Transect;3;1;C;10,5;11;Fabaceae;Anthyllis;vulneraria;Lepidoptera;Lycaenidae;Cupido;minimus;;,
13.07.22;Transect;3;1;C;10,5;12;Fabaceae;Anthyllis;vulneraria;Hymenoptera;Apidae;Bombus;terrestris;Female;pollinator,
13.07.22;Transect;3;1;C;10,5;12;Fabaceae;Anthyllis;vulneraria;Hymenoptera;Apidae;Bombus;terrestris;Female;pollinator,
13.07.22;Transect;3;1;C;10,5;13;Fabaceae;Anthyllis;vulneraria;Hymenoptera;Apidae;Bombus;pratorum cfr.;Female;pollinator,
13.07.22;Transect;3;1;C;10,5;13;Fabaceae;Anthyllis;vulneraria;Hymenoptera;Apidae;Bombus;terrestris;Female;pollinator,
13.07.22;Transect;3;1;C;10,5;14;Campanulaceae;Campanula;scheuchzeri;Hymenoptera;Apidae;Bombus;lapidarius cfr.;Female;pollinator,
13.07.22;Transect;3;2;D;11,55;NA;Lamiaceae;Thymus;alpestris;Lepidoptera;Lycaenidae;Lycaenidae;;;,
13.07.22;Transect;3;2;D;11,55;1;Lamiaceae;Thymus;alpestris;Diptera;Bombyliidae;Bombylius;major;;,
13.07.22;Transect;3;2;D;11,55;2;Gentianaceae;Gentiana;nivalis;Hymenoptera;Apidae;Bombus;lapidarius;Female;pollinator,
13.07.22;Transect;3;2;D;11,55;3;Onagraceae;Epilobium;fleischeri;Lepidoptera;Zygaenidae;Adscita;statices;;,
13.07.22;Transect;3;2;D;11,55;4;Asteraceae;Pilosella;glacialis;Hymenoptera;Formicidae;Formica;lemani;;,
13.07.22;Transect;3;2;D;11,55;5;Asteraceae;Pilosella;glacialis;Hymenoptera;Halictidae;Dufourea;sp.;Female;,
13.07.22;Transect;3;2;D;11,55;6;Asteraceae;Pilosella;glacialis;Diptera;Diptera;Diptera;;;,
13.07.22;Transect;3;2;D;11,55;6;Asteraceae;Pilosella;glacialis;Diptera;Diptera;Diptera;;;,
13.07.22;Transect;3;2;D;11,55;7;Asteraceae;Pilosella;glacialis;Lepidoptera;Noctuidae;Noctuidae;;;,
13.07.22;Transect;3;2;D;11,55;7;Asteraceae;Pilosella;glacialis;Lepidoptera;Noctuidae;Noctuidae;;;,
13.07.22;Transect;3;2;D;11,55;8;Asteraceae;Pilosella;glacialis;Lepidoptera;Hesperiidae;Thymelicus;lineola;;,
13.07.22;Transect;3;2;C;12,35;1;Asteraceae;Hieracium;staticifolium;Lepidoptera;Lycaenidae;Cupido;minimus;;,
13.07.22;Transect;3;2;C;12,35;2;Asteraceae;Hieracium;staticifolium;Hymenoptera;Apidae;Bombus;pyraeneus cfr.;Female;pollinator,
13.07.22;Transect;3;2;C;12,35;3;Asteraceae;Hieracium;staticifolium;Hymenoptera;Andrenidae;Panurgus;sp.;Female;,
13.07.22;Transect;3;2;C;12,35;4;Saxifragaceae;Saxifraga;paniculata;Hymenoptera;Formicidae;Formica;lemani;;,
13.07.22;Transect;3;2;C;12,35;5;Saxifragaceae;Saxifraga;paniculata;Diptera;Syrphidae;Syrphus;vitripennis;Male;,
13.07.22;Transect;3;2;C;12,35;5;Saxifragaceae;Saxifraga;paniculata;Diptera;Syrphidae;Episyrphus;balteatus;Male;,
13.07.22;Transect;3;2;C;12,35;6;Saxifragaceae;Saxifraga;paniculata;Diptera;Calyptratae;Calyptratae;;;,
13.07.22;Transect;3;2;C;12,35;6;Saxifragaceae;Saxifraga;paniculata;Diptera;Calyptratae;Calyptratae;;;,
13.07.22;Transect;3;2;C;12,35;7;Saxifragaceae;Saxifraga;paniculata;Diptera;Diptera;Diptera;;;,
13.07.22;Transect;3;2;C;12,35;7;Saxifragaceae;Saxifraga;paniculata;Diptera;Diptera;Diptera;;;,
13.07.22;Transect;3;2;C;12,35;8;Saxifragaceae;Saxifraga;aizoides;Hymenoptera;Formicidae;Formica;lemani;;,
13.07.22;Transect;3;2;C;12,35;8;Saxifragaceae;Saxifraga;aizoides;Hymenoptera;Formicidae;Formica;lemani;;,
13.07.22;Transect;3;2;C;12,35;8;Saxifragaceae;Saxifraga;aizoides;Hymenoptera;Formicidae;Formica;lemani;;,
13.07.22;Transect;3;2;C;12,35;9;Saxifragaceae;Saxifraga;aizoides;Diptera;Syrphidae;Episyrphus;balteatus;Female;,
13.07.22;Transect;3;2;C;12,35;9;Saxifragaceae;Saxifraga;aizoides;Diptera;Syrphidae;Melangyna;sp.;Male;,
13.07.22;Transect;3;2;C;12,35;10;Saxifragaceae;Saxifraga;aizoides;Diptera;Calyptratae;Calyptratae;;;,
13.07.22;Transect;3;2;C;12,35;10;Saxifragaceae;Saxifraga;aizoides;Diptera;Calyptratae;Calyptratae;;;,
13.07.22;Transect;3;2;C;12,35;11;Saxifragaceae;Saxifraga;aizoides;Diptera;Diptera;Diptera;;;,
13.07.22;Transect;3;2;C;12,35;12;Asteraceae;Carduus;defloratus;Hymenoptera;Formicidae;Formica;lemani;;,
13.07.22;Transect;3;2;C;12,35;12;Asteraceae;Carduus;defloratus;Hymenoptera;Formicidae;Formica;lemani;;,
13.07.22;Transect;3;2;C;12,35;12;Asteraceae;Carduus;defloratus;Hymenoptera;Formicidae;Formica;lemani;;,
13.07.22;Transect;3;2;C;12,35;12;Asteraceae;Carduus;defloratus;Hymenoptera;Formicidae;Formica;lemani;;,
13.07.22;Transect;3;2;C;12,35;13;Asteraceae;Carduus;defloratus;Hymenoptera;Apidae;Bombus;monticola;Female;pollinator,
13.07.22;Transect;3;2;C;12,35;13;Asteraceae;Carduus;defloratus;Hymenoptera;Apidae;Bombus;monticola;Female;pollinator,
13.07.22;Transect;3;2;C;12,35;14;Asteraceae;Carduus;defloratus;Lepidoptera;Zygaenidae;Adscita;statices;;,
13.07.22;Transect;3;2;C;12,35;15;Celastraceae;Parnassia;palustris;Hymenoptera;Formicidae;Formica;lemani;;,
13.07.22;Transect;3;2;C;12,35;15;Celastraceae;Parnassia;palustris;Hymenoptera;Formicidae;Formica;lemani;;,
13.07.22;Transect;3;2;C;12,35;16;Celastraceae;Parnassia;palustris;Diptera;Diptera;Diptera;;;,
13.07.22;Transect;3;2;C;12,35;16;Celastraceae;Parnassia;palustris;Diptera;Diptera;Diptera;;;,
13.07.22;Transect;3;2;C;12,35;17;Asteraceae;Leucanthemum;vulgare;Diptera;Calyptratae;Calyptratae;;;,
13.07.22;Transect;3;2;C;12,35;18;Asteraceae;Leucanthemum;vulgare;Hymenoptera;Hymenoptera;Hymenoptera;;;,
13.07.22;Transect;3;2;C;12,35;20;Orobanchaceae;Euphrasia;minima;Diptera;Syrphidae;Sphaerophoria;sp.;Female;,
13.07.22;Transect;3;3;D;13,35;1;Campanulaceae;Phyteuma;betonicifolium;Hymenoptera;Apidae;Bombus;pyraeneus cfr.;Female;pollinator,
13.07.22;Transect;3;3;D;13,35;1;Campanulaceae;Phyteuma;betonicifolium;Hymenoptera;Apidae;Bombus;pyraeneus cfr.;Female;pollinator,
13.07.22;Transect;3;3;D;13,35;1;Campanulaceae;Phyteuma;betonicifolium;Hymenoptera;Apidae;Bombus;lapidarius cfr.;Female;pollinator,
13.07.22;Transect;3;3;D;13,35;2;Campanulaceae;Phyteuma;betonicifolium;Lepidoptera;Zygaenidae;Adscita;statices;;,
13.07.22;Transect;3;3;D;13,35;3;Campanulaceae;Campanula;barbata;Hymenoptera;Apidae;Bombus;lapidarius cfr.;Female;pollinator,
13.07.22;Transect;3;3;D;13,35;4;Campanulaceae;Campanula;barbata;Microlepidoptera;Scythrididae;Scythris;speyeri;;,
13.07.22;Transect;3;3;D;13,35;5;Asteraceae;Leucanthemum;vulgare;Microlepidoptera;Scythrididae;Scythris;speyeri;;,
13.07.22;Transect;3;3;D;13,35;6;Poaceae;Poa;alpina;Diptera;Calyptratae;Calyptratae;;;,
13.07.22;Transect;3;3;C;14,05;1;Asteraceae;Hieracium;glandulifolium;Diptera;Calyptratae;Calyptratae;;;,
13.07.22;Transect;3;3;C;14,05;1;Asteraceae;Hieracium;glandulifolium;Diptera;Calyptratae;Calyptratae;;;,
13.07.22;Transect;3;3;C;14,05;1;Asteraceae;Hieracium;glandulifolium;Diptera;Calyptratae;Calyptratae;;;,
13.07.22;Transect;3;3;C;14,05;1;Asteraceae;Hieracium;glandulifolium;Diptera;Calyptratae;Calyptratae;;;,
13.07.22;Transect;3;3;C;14,05;1;Asteraceae;Hieracium;glandulifolium;Diptera;Calyptratae;Calyptratae;;;,
13.07.22;Transect;3;3;C;14,05;1;Asteraceae;Hieracium;glandulifolium;Diptera;Calyptratae;Calyptratae;;;,
13.07.22;Transect;3;3;C;14,05;1;Asteraceae;Hieracium;glandulifolium;Diptera;Calyptratae;Calyptratae;;;,
13.07.22;Transect;3;3;C;14,05;2;Asteraceae;Hieracium;glandulifolium;Diptera;Diptera;Diptera;;;,
13.07.22;Transect;3;3;C;14,05;3;Asteraceae;Hieracium;glandulifolium;Hymenoptera;Formicidae;Formica;lemani;;,
13.07.22;Transect;3;3;C;14,05;4;Asteraceae;Hieracium;glandulifolium;Microlepidoptera;Scythrididae;Scythris;speyeri;;,
13.07.22;Transect;3;3;C;14,05;5;Ericaceae;Calluna;vulgaris;Hymenoptera;Apidae;Bombus;pyraeneus cfr.;Female;pollinator,
13.07.22;Transect;3;3;C;14,05;6;Asteraceae;Achillea;erba-rotta;Diptera;Calyptratae;Calyptratae;;;,
13.07.22;Transect;3;3;C;14,05;7;Orobanchaceae;Euphrasia;rostkoviana;Diptera;Bombyliidae;Bombylius;major;;,
14.07.22;Transect;3;1;B;10,15;1;Asteraceae;Hieracium;staticifolium;Hymenoptera;Apidae;Bombus;pyraeneus cfr.;Female;pollinator,
14.07.22;Transect;3;1;B;10,15;1;Asteraceae;Hieracium;staticifolium;Hymenoptera;Apidae;Bombus;pyraeneus cfr.;Female;pollinator,
14.07.22;Transect;3;1;B;10,15;2;Asteraceae;Hieracium;staticifolium;Hymenoptera;Apidae;Bombus;pyraeneus cfr.;Female;pollinator,
14.07.22;Transect;3;1;B;10,15;2;Asteraceae;Hieracium;staticifolium;Hymenoptera;Apidae;Bombus;pyraeneus cfr.;Female;pollinator,
14.07.22;Transect;3;1;B;10,15;3;Asteraceae;Hieracium;staticifolium;Hymenoptera;Andrenidae;Andrena;sp.;Female;,
14.07.22;Transect;3;1;B;10,15;3;Asteraceae;Hieracium;staticifolium;Hymenoptera;Andrenidae;Andrena;sp.;Female;,
14.07.22;Transect;3;1;B;10,15;4;Asteraceae;Hieracium;staticifolium;Diptera;Syrphidae;Scaeva;pyrastri;Female;,
14.07.22;Transect;3;1;B;10,15;4;Asteraceae;Hieracium;staticifolium;Diptera;Syrphidae;Syrphus;torvus;Female;,
14.07.22;Transect;3;1;B;10,15;5.1;Asteraceae;Hieracium;staticifolium;Diptera;Syrphidae;Eristalis;tenax;Male;,
14.07.22;Transect;3;1;B;10,15;5.2;Asteraceae;Hieracium;staticifolium;Diptera;Syrphidae;Eristalis;tenax;Female;,
14.07.22;Transect;3;1;B;10,15;6;Asteraceae;Hieracium;staticifolium;Diptera;Calyptratae;Calyptratae;;;,
14.07.22;Transect;3;1;B;10,15;7;Asteraceae;Hieracium;staticifolium;Diptera;Diptera;Diptera;;;,
14.07.22;Transect;3;1;B;10,15;8.1;Asteraceae;Hieracium;staticifolium;Diptera;Syrphidae;Syrphidae;;;,
14.07.22;Transect;3;1;B;10,15;8.2;Asteraceae;Hieracium;staticifolium;Lepidoptera;Noctuidae;Noctuidae;;;,
14.07.22;Transect;3;1;B;10,15;9;Asteraceae;Hieracium;staticifolium;Hemiptera;Cicadellidae;Macrosteles;sexnotatus;;,
14.07.22;Transect;3;1;B;10,15;11;Onagraceae;Epilobium;fleischeri;Hymenoptera;Apidae;Bombus;pyraeneus cfr.;Female;pollinator,
14.07.22;Transect;3;1;B;10,15;11;Onagraceae;Epilobium;fleischeri;Hymenoptera;Apidae;Bombus;pyraeneus cfr.;Female;pollinator,
14.07.22;Transect;3;1;B;10,15;11;Onagraceae;Epilobium;fleischeri;Hymenoptera;Apidae;Bombus;sichelii cfr.;Female;pollinator,
14.07.22;Transect;3;1;B;10,15;12;Onagraceae;Epilobium;fleischeri;Hymenoptera;Apidae;Apidae;;;,
14.07.22;Transect;3;1;B;10,15;12;Onagraceae;Epilobium;fleischeri;Hymenoptera;Apidae;Apidae;;;,
14.07.22;Transect;3;1;B;10,15;12;Onagraceae;Epilobium;fleischeri;Hymenoptera;Apidae;Apidae;;;,
14.07.22;Transect;3;1;A;10,55;1;Asteraceae;Hieracium;staticifolium;Hymenoptera;Apidae;Bombus;pyraeneus cfr.;Female;pollinator,
14.07.22;Transect;3;1;A;10,55;2;Asteraceae;Hieracium;staticifolium;Diptera;Calyptratae;Calyptratae;;;,
14.07.22;Transect;3;1;A;10,55;2;Asteraceae;Hieracium;staticifolium;Diptera;Calyptratae;Calyptratae;;;,
14.07.22;Transect;3;1;A;10,55;2;Asteraceae;Hieracium;staticifolium;Diptera;Calyptratae;Calyptratae;;;,
14.07.22;Transect;3;1;A;10,55;3;Asteraceae;Hieracium;staticifolium;Hemiptera;Cicadellidae;Macrosteles;sexnotatus;;,
14.07.22;Transect;3;1;A;10,55;4;Onagraceae;Epilobium;fleischeri;Hymenoptera;Apidae;Bombus;pyraeneus cfr.;Female;pollinator,
14.07.22;Transect;3;1;A;10,55;4;Onagraceae;Epilobium;fleischeri;Hymenoptera;Apidae;Bombus;pyraeneus cfr.;Female;pollinator,
14.07.22;Transect;3;1;A;10,55;4;Onagraceae;Epilobium;fleischeri;Hymenoptera;Apidae;Bombus;pyraeneus cfr.;Female;pollinator,
14.07.22;Transect;3;1;A;10,55;5;Onagraceae;Epilobium;fleischeri;Hymenoptera;Apidae;Apidae;;;,
14.07.22;Transect;3;1;A;10,55;5;Onagraceae;Epilobium;fleischeri;Hymenoptera;Apidae;Apidae;;;,
14.07.22;Transect;3;1;A;10,55;5;Onagraceae;Epilobium;fleischeri;Hymenoptera;Apidae;Apidae;;;,
14.07.22;Transect;3;1;A;10,55;6;Onagraceae;Epilobium;fleischeri;Hymenoptera;Apidae;Apidae;;;,
14.07.22;Transect;3;1;A;10,55;6;Onagraceae;Epilobium;fleischeri;Hymenoptera;Apidae;Apidae;;;,
14.07.22;Transect;3;2;B;11,55;1;Saxifragaceae;Saxifraga;paniculata;Diptera;Diptera;Diptera;;;,
14.07.22;Transect;3;2;B;11,55;1;Saxifragaceae;Saxifraga;paniculata;Diptera;Diptera;Diptera;;;,
14.07.22;Transect;3;2;B;11,55;1;Saxifragaceae;Saxifraga;paniculata;Diptera;Diptera;Diptera;;;,
14.07.22;Transect;3;2;B;11,55;1;Saxifragaceae;Saxifraga;paniculata;Diptera;Diptera;Diptera;;;,
14.07.22;Transect;3;2;B;11,55;2;Saxifragaceae;Saxifraga;paniculata;Hymenoptera;Hymenoptera;Hymenoptera;;;,
14.07.22;Transect;3;2;B;11,55;2;Saxifragaceae;Saxifraga;paniculata;Hymenoptera;Hymenoptera;Hymenoptera;;;,
14.07.22;Transect;3;2;B;11,55;2;Saxifragaceae;Saxifraga;paniculata;Hymenoptera;Hymenoptera;Hymenoptera;;;,
14.07.22;Transect;3;2;B;11,55;3;Saxifragaceae;Saxifraga;aizoides;Diptera;Syrphidae;Episyrphus;balteatus;Female;,
14.07.22;Transect;3;2;B;11,55;4;Saxifragaceae;Saxifraga;aizoides;Diptera;Calyptratae;Calyptratae;;;,
14.07.22;Transect;3;2;B;11,55;5;Saxifragaceae;Saxifraga;aizoides;Hymenoptera;Formicidae;Formica;lemani;;,
14.07.22;Transect;3;2;B;11,55;6;Saxifragaceae;Saxifraga;aizoides;Hymenoptera;Hymenoptera;Hymenoptera;;;,
14.07.22;Transect;3;2;B;11,55;6;Saxifragaceae;Saxifraga;aizoides;Hymenoptera;Hymenoptera;Hymenoptera;;;,
14.07.22;Transect;3;2;B;11,55;6;Saxifragaceae;Saxifraga;aizoides;Hymenoptera;Hymenoptera;Hymenoptera;;;,
14.07.22;Transect;3;2;B;11,55;6;Saxifragaceae;Saxifraga;aizoides;Hymenoptera;Hymenoptera;Hymenoptera;;;,
14.07.22;Transect;3;2;B;11,55;6;Saxifragaceae;Saxifraga;aizoides;Hymenoptera;Hymenoptera;Hymenoptera;;;,
14.07.22;Transect;3;2;B;11,55;7;Asteraceae;Leucanthemum;vulgare;Diptera;Syrphidae;Sphaerophoria;scripta;Female;,
14.07.22;Transect;3;2;B;11,55;8;Asteraceae;Hieracium;staticifolium;Diptera;Diptera;Diptera;;;,
14.07.22;Transect;3;2;B;11,55;8;Asteraceae;Hieracium;staticifolium;Diptera;Diptera;Diptera;;;,
14.07.22;Transect;3;2;B;11,55;9;Asteraceae;Hieracium;staticifolium;Lepidoptera;Hesperiidae;Thymelicus;lineola;;,
14.07.22;Transect;3;2;B;11,55;10;Apiaceae;Peucedanum;ostruthium;Hymenoptera;Formicidae;Formica;lemani;;,
14.07.22;Transect;3;2;B;11,55;11;Apiaceae;Peucedanum;ostruthium;Hymenoptera;Hymenoptera;Hymenoptera;;;,
14.07.22;Transect;3;2;B;11,55;11;Apiaceae;Peucedanum;ostruthium;Hymenoptera;Hymenoptera;Hymenoptera;;;,
14.07.22;Transect;3;2;B;11,55;11;Apiaceae;Peucedanum;ostruthium;Hymenoptera;Hymenoptera;Hymenoptera;;;,
14.07.22;Transect;3;2;B;11,55;11;Apiaceae;Peucedanum;ostruthium;Hymenoptera;Hymenoptera;Hymenoptera;;;,
14.07.22;Transect;3;2;B;11,55;11;Apiaceae;Peucedanum;ostruthium;Hymenoptera;Hymenoptera;Hymenoptera;;;,
14.07.22;Transect;3;2;B;11,55;11;Apiaceae;Peucedanum;ostruthium;Hymenoptera;Hymenoptera;Hymenoptera;;;,
14.07.22;Transect;3;2;B;11,55;12;Apiaceae;Peucedanum;ostruthium;Diptera;Calyptratae;Calyptratae;;;,
14.07.22;Transect;3;2;B;11,55;12;Apiaceae;Peucedanum;ostruthium;Diptera;Calyptratae;Calyptratae;;;,
14.07.22;Transect;3;2;B;11,55;12;Apiaceae;Peucedanum;ostruthium;Diptera;Calyptratae;Calyptratae;;;,
14.07.22;Transect;3;2;B;11,55;13;Apiaceae;Peucedanum;ostruthium;Diptera;Diptera;Diptera;;;,
14.07.22;Transect;3;2;B;11,55;13;Apiaceae;Peucedanum;ostruthium;Diptera;Diptera;Diptera;;;,
14.07.22;Transect;3;2;A;11,3;1;Campanulaceae;Phyteuma;betonicifolium;Hymenoptera;Apidae;Bombus;pyraeneus cfr.;Female;Pollinator,
14.07.22;Transect;3;2;A;11,3;2;Fabaceae;Anthyllis;vulneraria;Hymenoptera;Apidae;Bombus;wurflenii cfr.;Female;Pollinator,
14.07.22;Transect;3;2;A;11,3;3;Asteraceae;Hieracium;staticifolium;Hymenoptera;Apidae;Bombus;pyraeneus cfr.;Female;Pollinator,
14.07.22;Transect;3;2;A;11,3;3;Asteraceae;Hieracium;staticifolium;Hymenoptera;Apidae;Bombus;pyraeneus cfr.;Female;Pollinator,
14.07.22;Transect;3;2;A;11,3;4;Asteraceae;Hieracium;staticifolium;Hymenoptera;Formicidae;Formica;lemani;;,
14.07.22;Transect;3;2;A;11,3;4;Asteraceae;Hieracium;staticifolium;Hymenoptera;Formicidae;Formica;lemani;;,
14.07.22;Transect;3;2;A;11,3;4;Asteraceae;Hieracium;staticifolium;Hymenoptera;Formicidae;Formica;lemani;;,
14.07.22;Transect;3;2;A;11,3;5;Asteraceae;Hieracium;staticifolium;Coleoptera;Buprestidae;Anthaxia;quadripunctata;;,
14.07.22;Transect;3;2;A;11,3;6;Asteraceae;Hieracium;staticifolium;Diptera;Diptera;Diptera;;;,
14.07.22;Transect;3;2;A;11,3;7;Asteraceae;Hieracium;staticifolium;Hymenoptera;Colletidae;Hylaeus;sp.;Female;Pollinator,
14.07.22;Transect;3;2;A;11,3;7;Asteraceae;Hieracium;staticifolium;Hymenoptera;Colletidae;Hylaeus;sp.;Female;Pollinator,
14.07.22;Transect;3;2;A;11,3;7;Asteraceae;Hieracium;staticifolium;Hymenoptera;Colletidae;Hylaeus;sp.;Female;Pollinator,
14.07.22;Transect;3;2;A;11,3;8;Asteraceae;Hieracium;staticifolium;Microlepidoptera;Scythrididae;Scythris;speyeri;;,
14.07.22;Transect;3;2;A;11,3;9;Asteraceae;Hieracium;staticifolium;Hemiptera;Aphididae;Aphididae;;;,
14.07.22;Transect;3;2;A;11,3;10;Caryophyllaceae;Silene;vulgaris;Diptera;Calyptratae;Calyptratae;;;,
14.07.22;Transect;3;2;A;11,3;11,1;Onagraceae;Epilobium;angustifolium;Hymenoptera;Apidae;Bombus;lapidarius cfr.;Female;pollinator
14.07.22;Transect;3;2;A;11,3;11,2;Onagraceae;Epilobium;angustifolium;Hymenoptera;Apidae;Bombus;pyraeneus cfr.;Female;pollinator
14.07.22;Transect;3;2;A;11,3;12;Asteraceae;Carduus;defloratus;Hymenoptera;Apidae;Bombus;ruderarius cfr.;male;pollinator,
14.07.22;Transect;3;2;A;11,3;13;Asteraceae;Carduus;defloratus;Hymenoptera;Formicidae;Formica;lemani;;,
14.07.22;Transect;3;2;A;11,3;14;Asteraceae;Leucanthemum;vulgare;Diptera;Calyptratae;Calyptratae;;;,
14.07.22;Transect;3;3;A;12,15;1;Campanulaceae;Phyteuma;betonicifolium;Hymenoptera;Apidae;Bombus;pyraeneus cfr.;Female;Pollinator,
14.07.22;Transect;3;3;A;12,15;2;Campanulaceae;Phyteuma;betonicifolium;Diptera;Diptera;Diptera;;;,
14.07.22;Transect;3;3;A;12,15;2;Campanulaceae;Phyteuma;betonicifolium;Diptera;Diptera;Diptera;;;,
14.07.22;Transect;3;3;A;12,15;3;Campanulaceae;Phyteuma;betonicifolium;Lepidoptera;Hesperiidae;Pyrgus;serratulae;;,
14.07.22;Transect;3;3;A;12,15;4;Asteraceae;Leontodon;hispidus;Diptera;Calyptratae;Calyptratae;;;,
14.07.22;Transect;3;3;A;12,15;4;Asteraceae;Leontodon;hispidus;Diptera;Calyptratae;Calyptratae;;;,
14.07.22;Transect;3;3;A;12,15;5;Asteraceae;Leontodon;hispidus;Diptera;Diptera;Diptera;;;,
14.07.22;Transect;3;3;A;12,15;5;Asteraceae;Leontodon;hispidus;Diptera;Diptera;Diptera;;;,
14.07.22;Transect;3;3;A;12,15;6;Fabaceae;Trifolium;pratense;Hymenoptera;Apidae;Bombus;lapidarius cfr.;Female;pollinator,
14.07.22;Transect;3;3;A;12,15;7;Asteraceae;Leontodon;helveticus;Lepidoptera;Hesperiidae;Thymelicus;lineola;;,
14.07.22;Transect;3;3;A;12,15;8;Asteraceae;Leontodon;helveticus;Diptera;Syrphidae;Episyrphus;balteatus;Female;,
14.07.22;Transect;3;3;A;12,15;9;Asteraceae;Leontodon;helveticus;Diptera;Diptera;Diptera;;;,
14.07.22;Transect;3;3;A;12,15;9;Asteraceae;Leontodon;helveticus;Diptera;Diptera;Diptera;;;,
14.07.22;Transect;3;3;A;12,15;9;Asteraceae;Leontodon;helveticus;Diptera;Diptera;Diptera;;;,
14.07.22;Transect;3;3;A;12,15;9;Asteraceae;Leontodon;helveticus;Diptera;Diptera;Diptera;;;,
14.07.22;Transect;3;3;A;12,15;9;Asteraceae;Leontodon;helveticus;Diptera;Diptera;Diptera;;;,
14.07.22;Transect;3;3;A;12,15;9;Asteraceae;Leontodon;helveticus;Diptera;Diptera;Diptera;;;,
14.07.22;Transect;3;3;A;12,15;10;Asteraceae;Leontodon;helveticus;Diptera;Calyptratae;Calyptratae;;;,
14.07.22;Transect;3;3;A;12,15;11;Asteraceae;Leontodon;helveticus;Hymenoptera;Tenthredinidae;Tenthredinidae;;;,
14.07.22;Transect;3;3;A;12,15;12;Asteraceae;Leontodon;helveticus;Coleoptera;Staphylinidae;Eusphalerum;sp.;;,
14.07.22;Transect;3;3;A;12,15;13;Asteraceae;Hieracium;staticifolium;Diptera;Diptera;Diptera;;;,
14.07.22;Transect;3;3;A;12,15;13;Asteraceae;Hieracium;staticifolium;Diptera;Diptera;Diptera;;;,
14.07.22;Transect;3;3;A;12,15;13;Asteraceae;Hieracium;staticifolium;Diptera;Diptera;Diptera;;;,
14.07.22;Transect;3;3;A;12,15;14;Asteraceae;Carduus;defloratus;Hymenoptera;Apidae;Bombus;pratorum cfr.;Male;pollinator,
14.07.22;Transect;3;3;A;12,15;15;Asteraceae;Solidago;virgaurea;Diptera;Diptera;Diptera;;;,